material,demanda_total,valor_unitario,valor_total,pct_individual,pct_acumulado,classe
400040,1515.0,20986.27,31794199.05,19.92,19.92,A
400288,759.0,28827.07,21879746.13,13.71,33.62,A
400243,429.0,39775.5,17063689.5,10.69,44.31,A
400072,1732.0,4586.64,7944060.48,4.98,49.29,A
401127,2786.0,2062.0,5744732.0,3.6,52.89,A
400073,330.0,15179.96,5009386.8,3.14,56.02,A
404234,3308.0,1493.7,4941159.600000001,3.1,59.12,A
803470,9912.0,436.05,4322127.600000001,2.71,61.83,A
400224,2498.0,1620.0,4046760.0,2.53,64.36,A
404160,126.0,30750.0,3874500.0,2.43,66.79,A
404159,101.0,30750.0,3105750.0,1.95,68.73,A
401857,6976.0,380.0,2650880.0,1.66,70.39,A
400152,2664.0,950.8,2532931.1999999997,1.59,71.98,A
400051,41.0,55600.8,2279632.8000000003,1.43,73.41,A
401324,169.0,12375.72,2091496.68,1.31,74.72,A
400968,915.0,2280.12,2086309.7999999998,1.31,76.03,A
402847,1505.0,1295.0,1948975.0,1.22,77.25,A
404161,60.0,30750.0,1845000.0,1.16,78.4,A
400758,3116.0,555.84,1731997.4400000002,1.08,79.49,A
800817,4436.0,380.0,1685680.0,1.06,80.54,B
402650,912.0,1750.0,1596000.0,1.0,81.54,B
401193,204.0,7279.45,1485007.8,0.93,82.47,B
401959,7365.0,194.5,1432492.5,0.9,83.37,B
401349,263.0,4822.69,1268367.47,0.79,84.16,B
801112,6506.0,194.5,1265417.0,0.79,84.96,B
403077,2226.0,565.87,1259626.62,0.79,85.75,B
400937,12183.913,100.0,1218391.3,0.76,86.51,B
403161,2400.0,500.0,1200000.0,0.75,87.26,B
409302,2400.0,495.0,1188000.0,0.74,88.01,B
402447,205.0,5491.95,1125849.75,0.71,88.71,B
404167,31.0,30750.0,953250.0,0.6,89.31,B
401296,264.0,3504.41,925164.24,0.58,89.89,B
404166,29.0,30750.0,891750.0,0.56,90.45,B
804115,11488.0,70.83,813695.04,0.51,90.96,B
402816,507.0,1538.99,780267.93,0.49,91.44,B
402318,16358.465,47.31,773918.97915,0.48,91.93,B
404172,21.0,30750.0,645750.0,0.4,92.33,B
802018,1920.0,327.75,629280.0,0.39,92.73,B
402423,132.0,4592.96,606270.72,0.38,93.11,B
402132,58.0,10154.77,588976.66,0.37,93.48,B
404162,19.0,30750.0,584250.0,0.37,93.84,B
404164,17.0,30750.0,522750.0,0.33,94.17,B
400474,13692.22,36.0,492919.92,0.31,94.48,B
403579,13438.485,36.49,490370.31765000004,0.31,94.79,B
404282,2244.0,195.36,438387.84,0.27,95.06,C
404169,14.0,30750.0,430500.0,0.27,95.33,C
404170,12.0,30750.0,369000.0,0.23,95.56,C
403337,388.0,950.8,368910.39999999997,0.23,95.79,C
400790,18863.73,18.86,355769.94779999997,0.22,96.02,C
407355,1688.0,194.5,328316.0,0.21,96.22,C
401004,16.0,19886.04,318176.64,0.2,96.42,C
400210,68.0,4500.0,306000.0,0.19,96.61,C
401260,75.0,3687.55,276566.25,0.17,96.78,C
409696,5405.4,50.7,274053.77999999997,0.17,96.96,C
403663,900.0,285.18,256662.0,0.16,97.12,C
403656,9908.94,25.41,251786.16540000003,0.16,97.28,C
400995,92.0,2715.29,249806.68,0.16,97.43,C
800054,12968.0,18.86,244576.47999999998,0.15,97.58,C
401505,2461.0,85.0,209185.0,0.13,97.72,C
400487,3654.0,56.94,208058.75999999998,0.13,97.85,C
402098,48.0,4293.65,206095.19999999998,0.13,97.98,C
401566,8874.727,18.69,165868.64763000002,0.1,98.08,C
401927,7981.0,20.69,165126.89,0.1,98.18,C
400988,54.0,2714.44,146579.76,0.09,98.27,C
403693,900.0,160.05,144045.0,0.09,98.36,C
800058,2976.0,47.31,140794.56,0.09,98.45,C
800262,350.0,385.13,134795.5,0.08,98.54,C
802238,2400.0,54.8,131520.0,0.08,98.62,C
404114,224.0,575.41,128891.84,0.08,98.7,C
804050,6192.0,20.0,123840.0,0.08,98.78,C
800889,4254.48,28.67,121975.94159999999,0.08,98.85,C
403327,6000.0,20.0,120000.0,0.08,98.93,C
400164,3632.0299999999997,29.97,108851.93909999999,0.07,99.0,C
800852,4890.0,21.63,105770.7,0.07,99.06,C
403390,6095.369000000001,16.33,99537.37577,0.06,99.13,C
404171,3.0,32300.0,96900.0,0.06,99.19,C
400710,2682.0,35.88,96230.16,0.06,99.25,C
800762,2750.0,28.0,77000.0,0.05,99.3,C
800041,3590.0,21.05,75569.5,0.05,99.34,C
400443,10016.481,7.43,74422.45383,0.05,99.39,C
401834,6660.0,10.37,69064.2,0.04,99.43,C
800344,2013.0,31.2,62805.6,0.04,99.47,C
403642,4484.602999999999,13.68,61349.36903999999,0.04,99.51,C
402587,1810.0,31.2,56472.0,0.04,99.55,C
403770,1800.0,30.7,55260.0,0.03,99.58,C
800496,2658.0,20.69,54994.020000000004,0.03,99.62,C
800676,1500.0,35.88,53820.00000000001,0.03,99.65,C
804642,1500.0,32.02,48030.00000000001,0.03,99.68,C
404009,9007.741,5.13,46209.71133,0.03,99.71,C
801189,4190.0,10.59,44372.1,0.03,99.74,C
409260,2496.0,17.5,43680.0,0.03,99.76,C
408332,8.0,5199.8,41598.4,0.03,99.79,C
403513,9366.044,4.35,40742.291399999995,0.03,99.81,C
400442,7334.999,5.39,39535.644609999996,0.02,99.84,C
404168,1.0,30750.0,30750.0,0.02,99.86,C
801373,2962.48,10.37,30720.917599999997,0.02,99.88,C
800775,3090.0,7.57,23391.3,0.01,99.89,C
800062,3850.0,5.39,20751.5,0.01,99.91,C
800105,326.0,61.76,20133.76,0.01,99.92,C
403209,3655.591,5.49,20069.19459,0.01,99.93,C
409259,220.0,74.8,16456.0,0.01,99.94,C
402149,72.0,168.0,12096.0,0.01,99.95,C
409258,246.0,46.1,11340.6,0.01,99.96,C
802138,200.0,54.0,10800.0,0.01,99.96,C
802141,200.0,54.0,10800.0,0.01,99.97,C
802158,200.0,54.0,10800.0,0.01,99.98,C
800804,3090.0,3.25,10042.5,0.01,99.98,C
801185,2500.0,3.71,9275.0,0.01,99.99,C
800569,38.0,168.0,6384.0,0.0,99.99,C
804882,252.0,24.48,6168.96,0.0,100.0,C
801314,30.0,150.0,4500.0,0.0,100.0,C
801213,158.0,12.27,1938.6599999999999,0.0,100.0,C
800470,1380.0,0.12,165.6,0.0,100.0,C
404040,58.17,0.18,10.4706,0.0,100.0,C
801011,720.0,0.0,0.0,0.0,100.0,C
801020,644.0,0.0,0.0,0.0,100.0,C
801010,1454.48,0.0,0.0,0.0,100.0,C
801006,200.0,0.0,0.0,0.0,100.0,C
801018,50.0,0.0,0.0,0.0,100.0,C
801017,500.0,0.0,0.0,0.0,100.0,C
801047,3935.12,0.0,0.0,0.0,100.0,C
801044,254.0,0.0,0.0,0.0,100.0,C
800894,7812.246,0.0,0.0,0.0,100.0,C
800897,316.0,0.0,0.0,0.0,100.0,C
800901,196.0,0.0,0.0,0.0,100.0,C
800906,288.0,0.0,0.0,0.0,100.0,C
800917,302.0,0.0,0.0,0.0,100.0,C
800922,5180.0,0.0,0.0,0.0,100.0,C
800928,6.0,0.0,0.0,0.0,100.0,C
800929,775.0,0.0,0.0,0.0,100.0,C
800944,13804.171999999999,0.0,0.0,0.0,100.0,C
800950,92.0,0.0,0.0,0.0,100.0,C
800965,542.0,0.0,0.0,0.0,100.0,C
800959,7776.0,0.0,0.0,0.0,100.0,C
800963,120.0,0.0,0.0,0.0,100.0,C
800966,216.0,0.0,0.0,0.0,100.0,C
800975,4366.0,0.0,0.0,0.0,100.0,C
800976,182.0,0.0,0.0,0.0,100.0,C
800977,9.0,0.0,0.0,0.0,100.0,C
800981,2960.0,0.0,0.0,0.0,100.0,C
800982,4720.0,0.0,0.0,0.0,100.0,C
800991,374.0,0.0,0.0,0.0,100.0,C
800999,500.0,0.0,0.0,0.0,100.0,C
800952,686.0,0.0,0.0,0.0,100.0,C
801316,740.0,0.0,0.0,0.0,100.0,C
801313,5643.0,0.0,0.0,0.0,100.0,C
801311,326.0,0.0,0.0,0.0,100.0,C
801305,62.0,0.0,0.0,0.0,100.0,C
801304,424.0,0.0,0.0,0.0,100.0,C
801303,2941.896,0.0,0.0,0.0,100.0,C
801277,100.0,0.0,0.0,0.0,100.0,C
801274,1392.0,0.0,0.0,0.0,100.0,C
801157,500.0,0.0,0.0,0.0,100.0,C
801267,2.0,0.0,0.0,0.0,100.0,C
801263,1500.0,0.0,0.0,0.0,100.0,C
801256,242.0,0.0,0.0,0.0,100.0,C
801250,500.0,0.0,0.0,0.0,100.0,C
801240,2664.0,0.0,0.0,0.0,100.0,C
801237,192.0,0.0,0.0,0.0,100.0,C
801233,8224.076000000001,0.0,0.0,0.0,100.0,C
801232,3038.0,0.0,0.0,0.0,100.0,C
801272,14.0,0.0,0.0,0.0,100.0,C
801720,21.0,0.0,0.0,0.0,100.0,C
801664,1656.0,0.0,0.0,0.0,100.0,C
801635,1056.0,0.0,0.0,0.0,100.0,C
801615,8.0,0.0,0.0,0.0,100.0,C
801612,2064.0,0.0,0.0,0.0,100.0,C
801593,62.0,0.0,0.0,0.0,100.0,C
801522,624.0,0.0,0.0,0.0,100.0,C
801400,11466.0,0.0,0.0,0.0,100.0,C
801341,240.0,0.0,0.0,0.0,100.0,C
801391,1286.0,0.0,0.0,0.0,100.0,C
801386,48.0,0.0,0.0,0.0,100.0,C
801379,130.0,0.0,0.0,0.0,100.0,C
801376,374.0,0.0,0.0,0.0,100.0,C
801375,6614.336,0.0,0.0,0.0,100.0,C
801374,424.0,0.0,0.0,0.0,100.0,C
801352,9985.792,0.0,0.0,0.0,100.0,C
801347,120.0,0.0,0.0,0.0,100.0,C
801346,278.0,0.0,0.0,0.0,100.0,C
801398,76.0,0.0,0.0,0.0,100.0,C
801146,4468.0,0.0,0.0,0.0,100.0,C
801135,868.0,0.0,0.0,0.0,100.0,C
801128,90.0,0.0,0.0,0.0,100.0,C
801125,110.0,0.0,0.0,0.0,100.0,C
801114,4598.0,0.0,0.0,0.0,100.0,C
801109,6.0,0.0,0.0,0.0,100.0,C
801098,14.0,0.0,0.0,0.0,100.0,C
801087,3676.0,0.0,0.0,0.0,100.0,C
801228,1286.0,0.0,0.0,0.0,100.0,C
801081,974.0,0.0,0.0,0.0,100.0,C
801079,8224.14,0.0,0.0,0.0,100.0,C
801077,154.0,0.0,0.0,0.0,100.0,C
801068,144.0,0.0,0.0,0.0,100.0,C
801066,62.0,0.0,0.0,0.0,100.0,C
801064,10062.0,0.0,0.0,0.0,100.0,C
801062,614.0,0.0,0.0,0.0,100.0,C
801061,136.0,0.0,0.0,0.0,100.0,C
801049,5.0,0.0,0.0,0.0,100.0,C
801083,1148.0,0.0,0.0,0.0,100.0,C
801225,1310.0,0.0,0.0,0.0,100.0,C
801223,90.0,0.0,0.0,0.0,100.0,C
801220,7842.0,0.0,0.0,0.0,100.0,C
801216,3926.0,0.0,0.0,0.0,100.0,C
801215,1756.0,0.0,0.0,0.0,100.0,C
801210,192.0,0.0,0.0,0.0,100.0,C
801206,62.0,0.0,0.0,0.0,100.0,C
801203,62.0,0.0,0.0,0.0,100.0,C
801154,422.0,0.0,0.0,0.0,100.0,C
801199,3028.0,0.0,0.0,0.0,100.0,C
801195,2460.0,0.0,0.0,0.0,100.0,C
801191,182.0,0.0,0.0,0.0,100.0,C
801186,4876.0,0.0,0.0,0.0,100.0,C
801182,542.0,0.0,0.0,0.0,100.0,C
801178,12126.0,0.0,0.0,0.0,100.0,C
801166,2894.0,0.0,0.0,0.0,100.0,C
801164,2810.0,0.0,0.0,0.0,100.0,C
801161,30.0,0.0,0.0,0.0,100.0,C
801202,144.0,0.0,0.0,0.0,100.0,C
800289,1200.0,0.0,0.0,0.0,100.0,C
800274,388.0,0.0,0.0,0.0,100.0,C
800272,422.0,0.0,0.0,0.0,100.0,C
800269,20.0,0.0,0.0,0.0,100.0,C
800266,466.0,0.0,0.0,0.0,100.0,C
800263,182.0,0.0,0.0,0.0,100.0,C
800260,134.0,0.0,0.0,0.0,100.0,C
800256,504.0,0.0,0.0,0.0,100.0,C
800836,30.0,0.0,0.0,0.0,100.0,C
800243,1148.0,0.0,0.0,0.0,100.0,C
800239,62.0,0.0,0.0,0.0,100.0,C
800228,3436.0,0.0,0.0,0.0,100.0,C
800226,62.0,0.0,0.0,0.0,100.0,C
800223,20.0,0.0,0.0,0.0,100.0,C
800215,1091.12,0.0,0.0,0.0,100.0,C
800203,5.0,0.0,0.0,0.0,100.0,C
800202,672.0,0.0,0.0,0.0,100.0,C
800254,240.0,0.0,0.0,0.0,100.0,C
800392,158.0,0.0,0.0,0.0,100.0,C
800372,134.0,0.0,0.0,0.0,100.0,C
800371,192.0,0.0,0.0,0.0,100.0,C
800369,194.0,0.0,0.0,0.0,100.0,C
800364,360.0,0.0,0.0,0.0,100.0,C
800362,5740.0,0.0,0.0,0.0,100.0,C
800360,92.0,0.0,0.0,0.0,100.0,C
800357,1670.0,0.0,0.0,0.0,100.0,C
800291,139.0,0.0,0.0,0.0,100.0,C
800352,484.0,0.0,0.0,0.0,100.0,C
800348,53.0,0.0,0.0,0.0,100.0,C
800345,480.0,0.0,0.0,0.0,100.0,C
800341,206.0,0.0,0.0,0.0,100.0,C
800337,2332.0,0.0,0.0,0.0,100.0,C
800327,1358.0,0.0,0.0,0.0,100.0,C
800310,62.0,0.0,0.0,0.0,100.0,C
800304,100.0,0.0,0.0,0.0,100.0,C
800294,240.0,0.0,0.0,0.0,100.0,C
800356,12.0,0.0,0.0,0.0,100.0,C
800048,500.0,0.0,0.0,0.0,100.0,C
800036,278.0,0.0,0.0,0.0,100.0,C
800033,4862.0,0.0,0.0,0.0,100.0,C
800031,6078.56,0.0,0.0,0.0,100.0,C
800021,9038.0,0.0,0.0,0.0,100.0,C
800014,172.0,0.0,0.0,0.0,100.0,C
800013,206.0,0.0,0.0,0.0,100.0,C
800012,2820.0,0.0,0.0,0.0,100.0,C
800192,36.0,0.0,0.0,0.0,100.0,C
800006,2.0,0.0,0.0,0.0,100.0,C
410213,255.0,0.0,0.0,0.0,100.0,C
410212,2507.0,0.0,0.0,0.0,100.0,C
410200,14.096,0.0,0.0,0.0,100.0,C
410177,79.778,0.0,0.0,0.0,100.0,C
410176,44.0,0.0,0.0,0.0,100.0,C
410155,2340.97,0.0,0.0,0.0,100.0,C
410154,500.0,0.0,0.0,0.0,100.0,C
410152,4282.0,0.0,0.0,0.0,100.0,C
800007,14.0,0.0,0.0,0.0,100.0,C
800177,500.0,0.0,0.0,0.0,100.0,C
800163,14150.0,0.0,0.0,0.0,100.0,C
800158,327.706,0.0,0.0,0.0,100.0,C
800157,500.0,0.0,0.0,0.0,100.0,C
800145,500.0,0.0,0.0,0.0,100.0,C
800133,500.0,0.0,0.0,0.0,100.0,C
800129,240.0,0.0,0.0,0.0,100.0,C
800119,10038.0,0.0,0.0,0.0,100.0,C
800051,500.0,0.0,0.0,0.0,100.0,C
800116,8334.782,0.0,0.0,0.0,100.0,C
800110,158.0,0.0,0.0,0.0,100.0,C
800108,2369.0,0.0,0.0,0.0,100.0,C
800100,8179.0,0.0,0.0,0.0,100.0,C
800093,96.0,0.0,0.0,0.0,100.0,C
800070,696.0,0.0,0.0,0.0,100.0,C
800060,2760.0,0.0,0.0,0.0,100.0,C
800059,1200.0,0.0,0.0,0.0,100.0,C
800052,649.05,0.0,0.0,0.0,100.0,C
800118,2016.0,0.0,0.0,0.0,100.0,C
800810,1200.0,0.0,0.0,0.0,100.0,C
800808,4780.0,0.0,0.0,0.0,100.0,C
800798,500.0,0.0,0.0,0.0,100.0,C
800794,6034.232,0.0,0.0,0.0,100.0,C
800779,110.0,0.0,0.0,0.0,100.0,C
800774,2960.0,0.0,0.0,0.0,100.0,C
800768,500.0,0.0,0.0,0.0,100.0,C
800763,240.0,0.0,0.0,0.0,100.0,C
800398,110.0,0.0,0.0,0.0,100.0,C
800750,4190.0,0.0,0.0,0.0,100.0,C
800741,6014.0,0.0,0.0,0.0,100.0,C
800727,4.0,0.0,0.0,0.0,100.0,C
800722,144.0,0.0,0.0,0.0,100.0,C
800717,2210.0,0.0,0.0,0.0,100.0,C
800715,1451.0,0.0,0.0,0.0,100.0,C
800712,107.0,0.0,0.0,0.0,100.0,C
800709,326.0,0.0,0.0,0.0,100.0,C
800760,52.0,0.0,0.0,0.0,100.0,C
800886,240.0,0.0,0.0,0.0,100.0,C
800884,4142.0,0.0,0.0,0.0,100.0,C
800877,30.0,0.0,0.0,0.0,100.0,C
800876,76.0,0.0,0.0,0.0,100.0,C
800874,72.0,0.0,0.0,0.0,100.0,C
800872,9552.0,0.0,0.0,0.0,100.0,C
800869,307.0,0.0,0.0,0.0,100.0,C
800861,206.0,0.0,0.0,0.0,100.0,C
800813,998.0,0.0,0.0,0.0,100.0,C
800847,7937.0,0.0,0.0,0.0,100.0,C
800842,196.0,0.0,0.0,0.0,100.0,C
800839,80.0,0.0,0.0,0.0,100.0,C
801745,15.942,0.0,0.0,0.0,100.0,C
800825,1046.0,0.0,0.0,0.0,100.0,C
800824,7449.0,0.0,0.0,0.0,100.0,C
800822,1152.0,0.0,0.0,0.0,100.0,C
800816,20.0,0.0,0.0,0.0,100.0,C
800815,456.0,0.0,0.0,0.0,100.0,C
800848,600.0,0.0,0.0,0.0,100.0,C
800520,720.0,0.0,0.0,0.0,100.0,C
800515,5104.0,0.0,0.0,0.0,100.0,C
800511,3.0,0.0,0.0,0.0,100.0,C
800505,206.0,0.0,0.0,0.0,100.0,C
800503,20.0,0.0,0.0,0.0,100.0,C
800499,8780.0,0.0,0.0,0.0,100.0,C
800494,686.0,0.0,0.0,0.0,100.0,C
800473,184.0,0.0,0.0,0.0,100.0,C
800705,1372.0,0.0,0.0,0.0,100.0,C
800448,48.0,0.0,0.0,0.0,100.0,C
800445,0.0,0.0,0.0,0.0,100.0,C
800436,195.0,0.0,0.0,0.0,100.0,C
800435,331.0,0.0,0.0,0.0,100.0,C
800434,72.0,0.0,0.0,0.0,100.0,C
800431,451.0,0.0,0.0,0.0,100.0,C
800426,230.0,0.0,0.0,0.0,100.0,C
800423,2222.0,0.0,0.0,0.0,100.0,C
800417,868.0,0.0,0.0,0.0,100.0,C
800454,400.0,0.0,0.0,0.0,100.0,C
800682,12696.0,0.0,0.0,0.0,100.0,C
800681,638.0,0.0,0.0,0.0,100.0,C
800671,104.0,0.0,0.0,0.0,100.0,C
800668,464.0,0.0,0.0,0.0,100.0,C
800654,4906.0,0.0,0.0,0.0,100.0,C
800630,326.0,0.0,0.0,0.0,100.0,C
800616,628.0,0.0,0.0,0.0,100.0,C
800614,326.0,0.0,0.0,0.0,100.0,C
800521,840.0,0.0,0.0,0.0,100.0,C
800596,1982.0,0.0,0.0,0.0,100.0,C
800595,4468.0,0.0,0.0,0.0,100.0,C
800592,6472.0,0.0,0.0,0.0,100.0,C
800557,120.0,0.0,0.0,0.0,100.0,C
800541,3430.0,0.0,0.0,0.0,100.0,C
800536,1320.0,0.0,0.0,0.0,100.0,C
800530,120.0,0.0,0.0,0.0,100.0,C
800528,1646.0,0.0,0.0,0.0,100.0,C
800522,72.0,0.0,0.0,0.0,100.0,C
800600,1444.0,0.0,0.0,0.0,100.0,C
804671,6.0,0.0,0.0,0.0,100.0,C
804670,6.0,0.0,0.0,0.0,100.0,C
804666,1500.0,0.0,0.0,0.0,100.0,C
804663,1500.0,0.0,0.0,0.0,100.0,C
804660,2.0,0.0,0.0,0.0,100.0,C
804659,20.0,0.0,0.0,0.0,100.0,C
804656,6.0,0.0,0.0,0.0,100.0,C
804654,20.0,0.0,0.0,0.0,100.0,C
804651,20.0,0.0,0.0,0.0,100.0,C
410153,7110.0,0.0,0.0,0.0,100.0,C
804640,1500.0,0.0,0.0,0.0,100.0,C
804639,1500.0,0.0,0.0,0.0,100.0,C
804638,1500.0,0.0,0.0,0.0,100.0,C
804637,1500.0,0.0,0.0,0.0,100.0,C
804633,1500.0,0.0,0.0,0.0,100.0,C
804632,1500.0,0.0,0.0,0.0,100.0,C
804631,2.0,0.0,0.0,0.0,100.0,C
804614,4.0,0.0,0.0,0.0,100.0,C
804603,1.0,0.0,0.0,0.0,100.0,C
804645,40.0,0.0,0.0,0.0,100.0,C
805191,120.0,0.0,0.0,0.0,100.0,C
805190,1.0,0.0,0.0,0.0,100.0,C
805139,3.0,0.0,0.0,0.0,100.0,C
805116,2.0,0.0,0.0,0.0,100.0,C
805098,4.0,0.0,0.0,0.0,100.0,C
804894,4694.0,0.0,0.0,0.0,100.0,C
804883,3000.0,0.0,0.0,0.0,100.0,C
804881,1428.0,0.0,0.0,0.0,100.0,C
804842,2.0,0.0,0.0,0.0,100.0,C
804677,1.0,0.0,0.0,0.0,100.0,C
804820,2.0,0.0,0.0,0.0,100.0,C
804816,2.0,0.0,0.0,0.0,100.0,C
804743,11.0,0.0,0.0,0.0,100.0,C
804742,12.0,0.0,0.0,0.0,100.0,C
804741,16.0,0.0,0.0,0.0,100.0,C
804740,16.0,0.0,0.0,0.0,100.0,C
804738,2.0,0.0,0.0,0.0,100.0,C
804735,4.0,0.0,0.0,0.0,100.0,C
804734,2.0,0.0,0.0,0.0,100.0,C
804826,3.0,0.0,0.0,0.0,100.0,C
804469,8.0,0.0,0.0,0.0,100.0,C
804462,8.0,0.0,0.0,0.0,100.0,C
804461,8.0,0.0,0.0,0.0,100.0,C
804459,2.0,0.0,0.0,0.0,100.0,C
804455,14.0,0.0,0.0,0.0,100.0,C
804454,6.0,0.0,0.0,0.0,100.0,C
804453,8.0,0.0,0.0,0.0,100.0,C
804450,9.0,0.0,0.0,0.0,100.0,C
804447,200.0,0.0,0.0,0.0,100.0,C
804602,1.0,0.0,0.0,0.0,100.0,C
804444,14.0,0.0,0.0,0.0,100.0,C
804437,8.0,0.0,0.0,0.0,100.0,C
804427,2.0,0.0,0.0,0.0,100.0,C
804426,10.0,0.0,0.0,0.0,100.0,C
804425,8.0,0.0,0.0,0.0,100.0,C
804422,1944.0,0.0,0.0,0.0,100.0,C
804421,2065.0,0.0,0.0,0.0,100.0,C
804409,1.0,0.0,0.0,0.0,100.0,C
804398,6.0,0.0,0.0,0.0,100.0,C
804446,200.0,0.0,0.0,0.0,100.0,C
804598,3.0,0.0,0.0,0.0,100.0,C
804597,500.0,0.0,0.0,0.0,100.0,C
804596,100.0,0.0,0.0,0.0,100.0,C
804595,10.0,0.0,0.0,0.0,100.0,C
804594,10.0,0.0,0.0,0.0,100.0,C
804574,1.0,0.0,0.0,0.0,100.0,C
804573,408.0,0.0,0.0,0.0,100.0,C
804566,2.0,0.0,0.0,0.0,100.0,C
804565,162.0,0.0,0.0,0.0,100.0,C
804470,8.0,0.0,0.0,0.0,100.0,C
804556,4.0,0.0,0.0,0.0,100.0,C
804554,13.0,0.0,0.0,0.0,100.0,C
804548,2.0,0.0,0.0,0.0,100.0,C
804537,1.0,0.0,0.0,0.0,100.0,C
804499,20.0,0.0,0.0,0.0,100.0,C
804490,60.0,0.0,0.0,0.0,100.0,C
804487,90.0,0.0,0.0,0.0,100.0,C
804484,40.0,0.0,0.0,0.0,100.0,C
804483,60.0,0.0,0.0,0.0,100.0,C
804562,72.0,0.0,0.0,0.0,100.0,C
805401,200.0,0.0,0.0,0.0,100.0,C
805400,300.0,0.0,0.0,0.0,100.0,C
805399,300.0,0.0,0.0,0.0,100.0,C
110057,30.0,0.0,0.0,0.0,100.0,C
805397,300.0,0.0,0.0,0.0,100.0,C
805388,8.0,0.0,0.0,0.0,100.0,C
805363,100.0,0.0,0.0,0.0,100.0,C
805360,500.0,0.0,0.0,0.0,100.0,C
805346,200.0,0.0,0.0,0.0,100.0,C
805219,7.0,0.0,0.0,0.0,100.0,C
805344,500.0,0.0,0.0,0.0,100.0,C
110077,30.0,0.0,0.0,0.0,100.0,C
120226,15.0,0.0,0.0,0.0,100.0,C
120144,8.0,0.0,0.0,0.0,100.0,C
120117,64.0,0.0,0.0,0.0,100.0,C
120099,2.0,0.0,0.0,0.0,100.0,C
113893,1.0,0.0,0.0,0.0,100.0,C
112331,40.0,0.0,0.0,0.0,100.0,C
112242,40.0,0.0,0.0,0.0,100.0,C
805345,500.0,0.0,0.0,0.0,100.0,C
805492,40.0,0.0,0.0,0.0,100.0,C
805491,30.0,0.0,0.0,0.0,100.0,C
805480,2.0,0.0,0.0,0.0,100.0,C
805478,4080.0,0.0,0.0,0.0,100.0,C
805459,3960.0,0.0,0.0,0.0,100.0,C
805458,300.0,0.0,0.0,0.0,100.0,C
805447,50.0,0.0,0.0,0.0,100.0,C
805446,50.0,0.0,0.0,0.0,100.0,C
805445,50.0,0.0,0.0,0.0,100.0,C
805403,1.0,0.0,0.0,0.0,100.0,C
805443,50.0,0.0,0.0,0.0,100.0,C
805437,50.0,0.0,0.0,0.0,100.0,C
805427,50.0,0.0,0.0,0.0,100.0,C
805426,20.0,0.0,0.0,0.0,100.0,C
805410,2.0,0.0,0.0,0.0,100.0,C
805407,1.0,0.0,0.0,0.0,100.0,C
805406,1.0,0.0,0.0,0.0,100.0,C
805405,1.0,0.0,0.0,0.0,100.0,C
805404,120.0,0.0,0.0,0.0,100.0,C
805444,50.0,0.0,0.0,0.0,100.0,C
110418,100.0,0.0,0.0,0.0,100.0,C
110404,20.0,0.0,0.0,0.0,100.0,C
110384,12.0,0.0,0.0,0.0,100.0,C
805343,200.0,0.0,0.0,0.0,100.0,C
805342,500.0,0.0,0.0,0.0,100.0,C
805341,500.0,0.0,0.0,0.0,100.0,C
805288,1.0,0.0,0.0,0.0,100.0,C
805283,1.0,0.0,0.0,0.0,100.0,C
805268,60.0,0.0,0.0,0.0,100.0,C
112104,30.0,0.0,0.0,0.0,100.0,C
805264,20.0,0.0,0.0,0.0,100.0,C
805262,565.0,0.0,0.0,0.0,100.0,C
805260,40.0,0.0,0.0,0.0,100.0,C
805254,7.0,0.0,0.0,0.0,100.0,C
805245,10.0,0.0,0.0,0.0,100.0,C
805244,14.0,0.0,0.0,0.0,100.0,C
805232,6.0,0.0,0.0,0.0,100.0,C
805230,10.0,0.0,0.0,0.0,100.0,C
805229,20.0,0.0,0.0,0.0,100.0,C
805266,30.0,0.0,0.0,0.0,100.0,C
112068,30.0,0.0,0.0,0.0,100.0,C
112066,40.0,0.0,0.0,0.0,100.0,C
112065,10.0,0.0,0.0,0.0,100.0,C
112008,240.0,0.0,0.0,0.0,100.0,C
111811,1.0,0.0,0.0,0.0,100.0,C
111596,10.0,0.0,0.0,0.0,100.0,C
111453,10.0,0.0,0.0,0.0,100.0,C
111352,5.0,0.0,0.0,0.0,100.0,C
111059,1.0,0.0,0.0,0.0,100.0,C
110487,12.0,0.0,0.0,0.0,100.0,C
110841,40.0,0.0,0.0,0.0,100.0,C
110730,5.0,0.0,0.0,0.0,100.0,C
110719,40.0,0.0,0.0,0.0,100.0,C
110713,7.0,0.0,0.0,0.0,100.0,C
110708,10.0,0.0,0.0,0.0,100.0,C
805539,1.0,0.0,0.0,0.0,100.0,C
110649,40.0,0.0,0.0,0.0,100.0,C
110557,30.0,0.0,0.0,0.0,100.0,C
110555,30.0,0.0,0.0,0.0,100.0,C
110960,4.0,0.0,0.0,0.0,100.0,C
803156,62.0,0.0,0.0,0.0,100.0,C
803151,54.0,0.0,0.0,0.0,100.0,C
803148,62.0,0.0,0.0,0.0,100.0,C
803146,3.0,0.0,0.0,0.0,100.0,C
803142,12.0,0.0,0.0,0.0,100.0,C
803129,500.0,0.0,0.0,0.0,100.0,C
803128,500.0,0.0,0.0,0.0,100.0,C
803123,100.0,0.0,0.0,0.0,100.0,C
803102,168.0,0.0,0.0,0.0,100.0,C
804397,1.0,0.0,0.0,0.0,100.0,C
803086,30.0,0.0,0.0,0.0,100.0,C
803085,80.0,0.0,0.0,0.0,100.0,C
803084,50.0,0.0,0.0,0.0,100.0,C
803083,185.0,0.0,0.0,0.0,100.0,C
803080,12.0,0.0,0.0,0.0,100.0,C
803078,50.0,0.0,0.0,0.0,100.0,C
803076,115.0,0.0,0.0,0.0,100.0,C
803075,100.0,0.0,0.0,0.0,100.0,C
803028,100.0,0.0,0.0,0.0,100.0,C
803100,110.0,0.0,0.0,0.0,100.0,C
803456,50.0,0.0,0.0,0.0,100.0,C
803452,4172.0,0.0,0.0,0.0,100.0,C
803444,10.0,0.0,0.0,0.0,100.0,C
803443,290.0,0.0,0.0,0.0,100.0,C
803378,125.0,0.0,0.0,0.0,100.0,C
803368,2332.0,0.0,0.0,0.0,100.0,C
803367,2068.0,0.0,0.0,0.0,100.0,C
803344,5472.0,0.0,0.0,0.0,100.0,C
803339,254.0,0.0,0.0,0.0,100.0,C
803158,296.0,0.0,0.0,0.0,100.0,C
803254,280.0,0.0,0.0,0.0,100.0,C
803250,20.0,0.0,0.0,0.0,100.0,C
803245,14.0,0.0,0.0,0.0,100.0,C
803225,500.0,0.0,0.0,0.0,100.0,C
803206,2460.0,0.0,0.0,0.0,100.0,C
803196,1468.0,0.0,0.0,0.0,100.0,C
803193,200.0,0.0,0.0,0.0,100.0,C
803176,3861.672,0.0,0.0,0.0,100.0,C
803159,500.0,0.0,0.0,0.0,100.0,C
803324,240.0,0.0,0.0,0.0,100.0,C
802245,206.0,0.0,0.0,0.0,100.0,C
802232,12.0,0.0,0.0,0.0,100.0,C
802213,100.0,0.0,0.0,0.0,100.0,C
802203,10.0,0.0,0.0,0.0,100.0,C
802178,48.0,0.0,0.0,0.0,100.0,C
802167,30.0,0.0,0.0,0.0,100.0,C
802166,205.0,0.0,0.0,0.0,100.0,C
802163,50.0,0.0,0.0,0.0,100.0,C
802160,5.0,0.0,0.0,0.0,100.0,C
802992,134.0,0.0,0.0,0.0,100.0,C
802147,30.0,0.0,0.0,0.0,100.0,C
802145,59.0,0.0,0.0,0.0,100.0,C
802142,500.0,0.0,0.0,0.0,100.0,C
802130,1600.0,0.0,0.0,0.0,100.0,C
802119,542.0,0.0,0.0,0.0,100.0,C
801955,8147.792,0.0,0.0,0.0,100.0,C
801834,3579.326,0.0,0.0,0.0,100.0,C
801826,7810.83,0.0,0.0,0.0,100.0,C
801786,218.0,0.0,0.0,0.0,100.0,C
802159,10.0,0.0,0.0,0.0,100.0,C
802911,1.05,0.0,0.0,0.0,100.0,C
802892,62.0,0.0,0.0,0.0,100.0,C
802860,14.0,0.0,0.0,0.0,100.0,C
802858,374.0,0.0,0.0,0.0,100.0,C
802837,8.0,0.0,0.0,0.0,100.0,C
802766,200.0,0.0,0.0,0.0,100.0,C
802703,408.0,0.0,0.0,0.0,100.0,C
802656,200.0,0.0,0.0,0.0,100.0,C
802637,30.0,0.0,0.0,0.0,100.0,C
802246,110.0,0.0,0.0,0.0,100.0,C
802479,686.0,0.0,0.0,0.0,100.0,C
802464,50.0,0.0,0.0,0.0,100.0,C
802405,51.0,0.0,0.0,0.0,100.0,C
802387,30.0,0.0,0.0,0.0,100.0,C
802303,105.0,0.0,0.0,0.0,100.0,C
802301,500.0,0.0,0.0,0.0,100.0,C
802260,14.0,0.0,0.0,0.0,100.0,C
802249,3086.0,0.0,0.0,0.0,100.0,C
802247,134.0,0.0,0.0,0.0,100.0,C
802539,30.0,0.0,0.0,0.0,100.0,C
804145,1.0,0.0,0.0,0.0,100.0,C
804125,500.0,0.0,0.0,0.0,100.0,C
804118,50.0,0.0,0.0,0.0,100.0,C
804104,15.702,0.0,0.0,0.0,100.0,C
804102,90.0,0.0,0.0,0.0,100.0,C
804031,17.0,0.0,0.0,0.0,100.0,C
804026,4.0,0.0,0.0,0.0,100.0,C
804025,17.0,0.0,0.0,0.0,100.0,C
804019,2.0,0.0,0.0,0.0,100.0,C
803461,1934.0,0.0,0.0,0.0,100.0,C
804016,6.0,0.0,0.0,0.0,100.0,C
804002,14.0,0.0,0.0,0.0,100.0,C
803996,114.0,0.0,0.0,0.0,100.0,C
803993,13.0,0.0,0.0,0.0,100.0,C
803991,5.0,0.0,0.0,0.0,100.0,C
803977,500.0,0.0,0.0,0.0,100.0,C
803968,15.0,0.0,0.0,0.0,100.0,C
803962,400.0,0.0,0.0,0.0,100.0,C
803961,900.0,0.0,0.0,0.0,100.0,C
804017,6.0,0.0,0.0,0.0,100.0,C
804374,600.0,0.0,0.0,0.0,100.0,C
804361,1.0,0.0,0.0,0.0,100.0,C
804349,1.0,0.0,0.0,0.0,100.0,C
804346,1.0,0.0,0.0,0.0,100.0,C
804344,2.0,0.0,0.0,0.0,100.0,C
804337,267.0,0.0,0.0,0.0,100.0,C
804320,200.0,0.0,0.0,0.0,100.0,C
804311,1.0,0.0,0.0,0.0,100.0,C
804295,8.0,0.0,0.0,0.0,100.0,C
804146,3.0,0.0,0.0,0.0,100.0,C
804261,300.0,0.0,0.0,0.0,100.0,C
804259,15.0,0.0,0.0,0.0,100.0,C
804258,50.0,0.0,0.0,0.0,100.0,C
804253,500.0,0.0,0.0,0.0,100.0,C
804252,1.0,0.0,0.0,0.0,100.0,C
804238,2.0,0.0,0.0,0.0,100.0,C
804169,8.0,0.0,0.0,0.0,100.0,C
804167,35.0,0.0,0.0,0.0,100.0,C
804165,7.0,0.0,0.0,0.0,100.0,C
804274,25.0,0.0,0.0,0.0,100.0,C
803659,2.166,0.0,0.0,0.0,100.0,C
803658,3.0,0.0,0.0,0.0,100.0,C
803647,1.0,0.0,0.0,0.0,100.0,C
803646,50.0,0.0,0.0,0.0,100.0,C
803643,2.0,0.0,0.0,0.0,100.0,C
803637,10.0,0.0,0.0,0.0,100.0,C
803598,5.0,0.0,0.0,0.0,100.0,C
803593,200.0,0.0,0.0,0.0,100.0,C
803584,700.0,0.0,0.0,0.0,100.0,C
803929,750.0,0.0,0.0,0.0,100.0,C
803579,3000.0,0.0,0.0,0.0,100.0,C
803559,40.0,0.0,0.0,0.0,100.0,C
803558,50.0,0.0,0.0,0.0,100.0,C
803535,50.0,0.0,0.0,0.0,100.0,C
803510,50.0,0.0,0.0,0.0,100.0,C
803509,160.0,0.0,0.0,0.0,100.0,C
803499,30.0,0.0,0.0,0.0,100.0,C
803498,30.0,0.0,0.0,0.0,100.0,C
803497,30.0,0.0,0.0,0.0,100.0,C
803583,500.0,0.0,0.0,0.0,100.0,C
803927,400.0,0.0,0.0,0.0,100.0,C
803926,500.0,0.0,0.0,0.0,100.0,C
803925,750.0,0.0,0.0,0.0,100.0,C
803921,900.0,0.0,0.0,0.0,100.0,C
803920,24.0,0.0,0.0,0.0,100.0,C
803908,2.0,0.0,0.0,0.0,100.0,C
803907,5812.0,0.0,0.0,0.0,100.0,C
803874,20.0,0.0,0.0,0.0,100.0,C
803866,10.0,0.0,0.0,0.0,100.0,C
803692,6.0,0.0,0.0,0.0,100.0,C
803830,2.0,0.0,0.0,0.0,100.0,C
803828,1.0,0.0,0.0,0.0,100.0,C
803816,41.0,0.0,0.0,0.0,100.0,C
803814,30.0,0.0,0.0,0.0,100.0,C
803813,6.0,0.0,0.0,0.0,100.0,C
803810,18.0,0.0,0.0,0.0,100.0,C
803770,500.0,0.0,0.0,0.0,100.0,C
803749,15.0,0.0,0.0,0.0,100.0,C
803748,5.0,0.0,0.0,0.0,100.0,C
803744,2.0,0.0,0.0,0.0,100.0,C
803840,8.0,0.0,0.0,0.0,100.0,C
401531,600.0,0.0,0.0,0.0,100.0,C
401500,1207.0,0.0,0.0,0.0,100.0,C
401497,873.0,0.0,0.0,0.0,100.0,C
401489,70.0,0.0,0.0,0.0,100.0,C
401485,2905.0,0.0,0.0,0.0,100.0,C
401471,901.0,0.0,0.0,0.0,100.0,C
401465,44825.347,0.0,0.0,0.0,100.0,C
401451,1316.0,0.0,0.0,0.0,100.0,C
409790,50.0,0.0,0.0,0.0,100.0,C
401438,833.0,0.0,0.0,0.0,100.0,C
401436,1041.0,0.0,0.0,0.0,100.0,C
401435,214.0,0.0,0.0,0.0,100.0,C
401414,1.0,0.0,0.0,0.0,100.0,C
401410,2.0,0.0,0.0,0.0,100.0,C
401405,6.0,0.0,0.0,0.0,100.0,C
401403,742.0,0.0,0.0,0.0,100.0,C
401399,41.0,0.0,0.0,0.0,100.0,C
401396,4904.303,0.0,0.0,0.0,100.0,C
401449,4592.0,0.0,0.0,0.0,100.0,C
401685,313.0,0.0,0.0,0.0,100.0,C
401683,960.0,0.0,0.0,0.0,100.0,C
401678,303.0,0.0,0.0,0.0,100.0,C
401657,92.0,0.0,0.0,0.0,100.0,C
401632,16302.676000000001,0.0,0.0,0.0,100.0,C
401629,8.0,0.0,0.0,0.0,100.0,C
401620,3938.0,0.0,0.0,0.0,100.0,C
401616,79.0,0.0,0.0,0.0,100.0,C
401546,31.0,0.0,0.0,0.0,100.0,C
401576,774.0,0.0,0.0,0.0,100.0,C
401575,1339.0,0.0,0.0,0.0,100.0,C
401574,1688.0,0.0,0.0,0.0,100.0,C
401568,4406.004,0.0,0.0,0.0,100.0,C
401562,15.0,0.0,0.0,0.0,100.0,C
401559,192.0,0.0,0.0,0.0,100.0,C
401556,3.0,0.0,0.0,0.0,100.0,C
401552,324.0,0.0,0.0,0.0,100.0,C
401547,4054.0,0.0,0.0,0.0,100.0,C
401608,2941.0,0.0,0.0,0.0,100.0,C
401131,19420.322,0.0,0.0,0.0,100.0,C
401117,8339.952000000001,0.0,0.0,0.0,100.0,C
401116,13153.029999999999,0.0,0.0,0.0,100.0,C
401108,4029.0,0.0,0.0,0.0,100.0,C
401105,1354.0,0.0,0.0,0.0,100.0,C
401102,1308.0,0.0,0.0,0.0,100.0,C
401090,2328.0,0.0,0.0,0.0,100.0,C
401088,843.0,0.0,0.0,0.0,100.0,C
401385,2438.0,0.0,0.0,0.0,100.0,C
401056,606.0,0.0,0.0,0.0,100.0,C
401050,120.0,0.0,0.0,0.0,100.0,C
401040,49.0,0.0,0.0,0.0,100.0,C
401036,10189.744999999999,0.0,0.0,0.0,100.0,C
401034,1332.0,0.0,0.0,0.0,100.0,C
401017,27.0,0.0,0.0,0.0,100.0,C
401014,192.0,0.0,0.0,0.0,100.0,C
400985,2.0,0.0,0.0,0.0,100.0,C
400984,2.0,0.0,0.0,0.0,100.0,C
401086,62.0,0.0,0.0,0.0,100.0,C
401375,1023.794,0.0,0.0,0.0,100.0,C
401372,247.0,0.0,0.0,0.0,100.0,C
401360,760.0,0.0,0.0,0.0,100.0,C
401358,242.0,0.0,0.0,0.0,100.0,C
401356,71.0,0.0,0.0,0.0,100.0,C
401318,668.0,0.0,0.0,0.0,100.0,C
401317,40.0,0.0,0.0,0.0,100.0,C
401309,89.0,0.0,0.0,0.0,100.0,C
401155,4202.0,0.0,0.0,0.0,100.0,C
401271,300.078,0.0,0.0,0.0,100.0,C
401264,12674.731,0.0,0.0,0.0,100.0,C
401252,84.0,0.0,0.0,0.0,100.0,C
401239,11715.97,0.0,0.0,0.0,100.0,C
401234,1589.0,0.0,0.0,0.0,100.0,C
401232,22.0,0.0,0.0,0.0,100.0,C
401213,220.0,0.0,0.0,0.0,100.0,C
401191,18.0,0.0,0.0,0.0,100.0,C
401165,96.0,0.0,0.0,0.0,100.0,C
401308,94.0,0.0,0.0,0.0,100.0,C
402123,386.0,0.0,0.0,0.0,100.0,C
402120,152.0,0.0,0.0,0.0,100.0,C
402117,2400.0,0.0,0.0,0.0,100.0,C
402111,826.0,0.0,0.0,0.0,100.0,C
402106,1751.0,0.0,0.0,0.0,100.0,C
402105,8960.0,0.0,0.0,0.0,100.0,C
402092,12.0,0.0,0.0,0.0,100.0,C
402081,8200.0,0.0,0.0,0.0,100.0,C
401686,1482.0,0.0,0.0,0.0,100.0,C
402041,624.0,0.0,0.0,0.0,100.0,C
402036,145.0,0.0,0.0,0.0,100.0,C
402027,4403.17,0.0,0.0,0.0,100.0,C
402026,867.0,0.0,0.0,0.0,100.0,C
402025,15.0,0.0,0.0,0.0,100.0,C
402017,144.0,0.0,0.0,0.0,100.0,C
402013,8.0,0.0,0.0,0.0,100.0,C
402005,13.0,0.0,0.0,0.0,100.0,C
401992,429.0,0.0,0.0,0.0,100.0,C
402065,698.0,0.0,0.0,0.0,100.0,C
402247,151.0,0.0,0.0,0.0,100.0,C
402242,523.0,0.0,0.0,0.0,100.0,C
402235,1200.0,0.0,0.0,0.0,100.0,C
402230,671.0,0.0,0.0,0.0,100.0,C
402229,1200.0,0.0,0.0,0.0,100.0,C
402221,585.0,0.0,0.0,0.0,100.0,C
402216,0.0,0.0,0.0,0.0,100.0,C
402202,519.0,0.0,0.0,0.0,100.0,C
402127,22789.0,0.0,0.0,0.0,100.0,C
402191,2598.0,0.0,0.0,0.0,100.0,C
402188,34.0,0.0,0.0,0.0,100.0,C
402185,969.0,0.0,0.0,0.0,100.0,C
402161,68.0,0.0,0.0,0.0,100.0,C
402160,182.0,0.0,0.0,0.0,100.0,C
402155,430.0,0.0,0.0,0.0,100.0,C
402152,8003.892,0.0,0.0,0.0,100.0,C
402136,4073.0,0.0,0.0,0.0,100.0,C
402128,134.0,0.0,0.0,0.0,100.0,C
402195,36.0,0.0,0.0,0.0,100.0,C
401823,9854.172,0.0,0.0,0.0,100.0,C
401803,151.0,0.0,0.0,0.0,100.0,C
401786,12607.161,0.0,0.0,0.0,100.0,C
401783,10056.0,0.0,0.0,0.0,100.0,C
401773,4800.0,0.0,0.0,0.0,100.0,C
401771,18.0,0.0,0.0,0.0,100.0,C
401763,1118.0,0.0,0.0,0.0,100.0,C
401753,6037.0,0.0,0.0,0.0,100.0,C
401987,42.0,0.0,0.0,0.0,100.0,C
401743,48.0,0.0,0.0,0.0,100.0,C
401738,88.0,0.0,0.0,0.0,100.0,C
401735,291.0,0.0,0.0,0.0,100.0,C
401733,181.0,0.0,0.0,0.0,100.0,C
401711,13713.603,0.0,0.0,0.0,100.0,C
401709,192.0,0.0,0.0,0.0,100.0,C
401706,600.0,0.0,0.0,0.0,100.0,C
401699,5.0,0.0,0.0,0.0,100.0,C
401692,62.0,0.0,0.0,0.0,100.0,C
401752,4.0,0.0,0.0,0.0,100.0,C
401981,24.999,0.0,0.0,0.0,100.0,C
401969,8.0,0.0,0.0,0.0,100.0,C
401964,2.0,0.0,0.0,0.0,100.0,C
401952,222.0,0.0,0.0,0.0,100.0,C
401937,10412.0,0.0,0.0,0.0,100.0,C
401935,8.0,0.0,0.0,0.0,100.0,C
401931,34.0,0.0,0.0,0.0,100.0,C
401916,893.0,0.0,0.0,0.0,100.0,C
401827,5.0,0.0,0.0,0.0,100.0,C
401908,600.0,0.0,0.0,0.0,100.0,C
401892,779.0,0.0,0.0,0.0,100.0,C
401888,552.0,0.0,0.0,0.0,100.0,C
401886,1800.0,0.0,0.0,0.0,100.0,C
401874,48.0,0.0,0.0,0.0,100.0,C
401870,8087.0,0.0,0.0,0.0,100.0,C
401856,240.0,0.0,0.0,0.0,100.0,C
401844,1554.0,0.0,0.0,0.0,100.0,C
401840,19.0,0.0,0.0,0.0,100.0,C
401910,409.0,0.0,0.0,0.0,100.0,C
400030,145.0,0.0,0.0,0.0,100.0,C
400028,14.0,0.0,0.0,0.0,100.0,C
400022,264.0,0.0,0.0,0.0,100.0,C
400019,285.0,0.0,0.0,0.0,100.0,C
400011,2200.0,0.0,0.0,0.0,100.0,C
110029,6.0,0.0,0.0,0.0,100.0,C
805538,1.0,0.0,0.0,0.0,100.0,C
805537,4.0,0.0,0.0,0.0,100.0,C
400974,16258.471,0.0,0.0,0.0,100.0,C
805535,8.0,0.0,0.0,0.0,100.0,C
805532,24.0,0.0,0.0,0.0,100.0,C
805531,4.0,0.0,0.0,0.0,100.0,C
805530,10.0,0.0,0.0,0.0,100.0,C
805529,1.0,0.0,0.0,0.0,100.0,C
805528,6.0,0.0,0.0,0.0,100.0,C
805527,20.0,0.0,0.0,0.0,100.0,C
805526,1.0,0.0,0.0,0.0,100.0,C
805525,100.0,0.0,0.0,0.0,100.0,C
805536,4.0,0.0,0.0,0.0,100.0,C
400227,48.0,0.0,0.0,0.0,100.0,C
400221,633.0,0.0,0.0,0.0,100.0,C
400216,10.0,0.0,0.0,0.0,100.0,C
400193,8382.0,0.0,0.0,0.0,100.0,C
400192,2580.0,0.0,0.0,0.0,100.0,C
400188,30.0,0.0,0.0,0.0,100.0,C
400183,4050.0,0.0,0.0,0.0,100.0,C
400142,5732.0,0.0,0.0,0.0,100.0,C
400069,52.0,0.0,0.0,0.0,100.0,C
400137,5638.0,0.0,0.0,0.0,100.0,C
400130,540.0,0.0,0.0,0.0,100.0,C
400122,2555.0,0.0,0.0,0.0,100.0,C
400111,1204.0,0.0,0.0,0.0,100.0,C
400106,42.0,0.0,0.0,0.0,100.0,C
400092,4.0,0.0,0.0,0.0,100.0,C
400091,4.0,0.0,0.0,0.0,100.0,C
400078,12.0,0.0,0.0,0.0,100.0,C
400074,34.0,0.0,0.0,0.0,100.0,C
400140,15027.654999999999,0.0,0.0,0.0,100.0,C
805497,500.0,0.0,0.0,0.0,100.0,C
805507,1.0,0.0,0.0,0.0,100.0,C
120366,12.0,0.0,0.0,0.0,100.0,C
805398,300.0,0.0,0.0,0.0,100.0,C
110356,20.0,0.0,0.0,0.0,100.0,C
110288,6.0,0.0,0.0,0.0,100.0,C
110282,60.0,0.0,0.0,0.0,100.0,C
110256,20.0,0.0,0.0,0.0,100.0,C
805521,9.0,0.0,0.0,0.0,100.0,C
110215,150.0,0.0,0.0,0.0,100.0,C
110210,30.0,0.0,0.0,0.0,100.0,C
110195,10.0,0.0,0.0,0.0,100.0,C
110185,30.0,0.0,0.0,0.0,100.0,C
110182,1.0,0.0,0.0,0.0,100.0,C
110159,30.0,0.0,0.0,0.0,100.0,C
110158,10.0,0.0,0.0,0.0,100.0,C
110157,30.0,0.0,0.0,0.0,100.0,C
110101,3.0,0.0,0.0,0.0,100.0,C
110248,40.0,0.0,0.0,0.0,100.0,C
805520,20.0,0.0,0.0,0.0,100.0,C
805519,20.0,0.0,0.0,0.0,100.0,C
805518,20.0,0.0,0.0,0.0,100.0,C
805516,82.0,0.0,0.0,0.0,100.0,C
805515,82.0,0.0,0.0,0.0,100.0,C
805514,82.0,0.0,0.0,0.0,100.0,C
805512,2.0,0.0,0.0,0.0,100.0,C
805511,1200.0,0.0,0.0,0.0,100.0,C
110690,40.0,0.0,0.0,0.0,100.0,C
805508,220.0,0.0,0.0,0.0,100.0,C
110091,30.0,0.0,0.0,0.0,100.0,C
805506,1.0,0.0,0.0,0.0,100.0,C
805505,4.0,0.0,0.0,0.0,100.0,C
805502,10.0,0.0,0.0,0.0,100.0,C
805501,200.0,0.0,0.0,0.0,100.0,C
805500,19.0,0.0,0.0,0.0,100.0,C
805499,2.0,0.0,0.0,0.0,100.0,C
805498,5.0,0.0,0.0,0.0,100.0,C
805509,20.0,0.0,0.0,0.0,100.0,C
400806,73.0,0.0,0.0,0.0,100.0,C
400805,4481.0,0.0,0.0,0.0,100.0,C
400793,120.0,0.0,0.0,0.0,100.0,C
400778,0.0,0.0,0.0,0.0,100.0,C
400734,1200.0,0.0,0.0,0.0,100.0,C
400733,143.0,0.0,0.0,0.0,100.0,C
400730,8566.162,0.0,0.0,0.0,100.0,C
400708,11781.236,0.0,0.0,0.0,100.0,C
400228,52.0,0.0,0.0,0.0,100.0,C
400683,242.0,0.0,0.0,0.0,100.0,C
400678,116.0,0.0,0.0,0.0,100.0,C
400673,1798.0,0.0,0.0,0.0,100.0,C
400665,1339.0,0.0,0.0,0.0,100.0,C
400661,5.0,0.0,0.0,0.0,100.0,C
400655,2830.0,0.0,0.0,0.0,100.0,C
400603,4899.464,0.0,0.0,0.0,100.0,C
400594,17085.568,0.0,0.0,0.0,100.0,C
400588,134.0,0.0,0.0,0.0,100.0,C
400694,1200.0,0.0,0.0,0.0,100.0,C
400973,3570.431,0.0,0.0,0.0,100.0,C
400972,480.0,0.0,0.0,0.0,100.0,C
400955,10678.0,0.0,0.0,0.0,100.0,C
400951,643.0,0.0,0.0,0.0,100.0,C
400942,3191.0,0.0,0.0,0.0,100.0,C
400930,14422.478,0.0,0.0,0.0,100.0,C
400910,735.0,0.0,0.0,0.0,100.0,C
400908,1966.0,0.0,0.0,0.0,100.0,C
400809,228.0,0.0,0.0,0.0,100.0,C
400889,819.0,0.0,0.0,0.0,100.0,C
400880,1386.0,0.0,0.0,0.0,100.0,C
400855,124.0,0.0,0.0,0.0,100.0,C
400851,126.0,0.0,0.0,0.0,100.0,C
400828,615.0,0.0,0.0,0.0,100.0,C
400827,16985.496,0.0,0.0,0.0,100.0,C
400821,5405.4,0.0,0.0,0.0,100.0,C
400817,1788.0,0.0,0.0,0.0,100.0,C
400813,13460.0,0.0,0.0,0.0,100.0,C
400906,15103.0,0.0,0.0,0.0,100.0,C
400436,30.0,0.0,0.0,0.0,100.0,C
400434,7161.325,0.0,0.0,0.0,100.0,C
400422,24.0,0.0,0.0,0.0,100.0,C
400385,12.0,0.0,0.0,0.0,100.0,C
400380,917.0,0.0,0.0,0.0,100.0,C
400375,6220.0,0.0,0.0,0.0,100.0,C
400366,3399.0,0.0,0.0,0.0,100.0,C
400359,3694.0,0.0,0.0,0.0,100.0,C
400545,360.0,0.0,0.0,0.0,100.0,C
400347,1.0,0.0,0.0,0.0,100.0,C
400344,534.0,0.0,0.0,0.0,100.0,C
400340,74.0,0.0,0.0,0.0,100.0,C
400318,197.0,0.0,0.0,0.0,100.0,C
400316,1200.0,0.0,0.0,0.0,100.0,C
400307,4345.0,0.0,0.0,0.0,100.0,C
400292,377.0,0.0,0.0,0.0,100.0,C
400283,31.0,0.0,0.0,0.0,100.0,C
400252,4.0,0.0,0.0,0.0,100.0,C
400351,10.0,0.0,0.0,0.0,100.0,C
400543,1147.0,0.0,0.0,0.0,100.0,C
400534,840.0,0.0,0.0,0.0,100.0,C
400532,95.0,0.0,0.0,0.0,100.0,C
400527,39.0,0.0,0.0,0.0,100.0,C
400518,836.0,0.0,0.0,0.0,100.0,C
400512,430.0,0.0,0.0,0.0,100.0,C
400507,3000.0,0.0,0.0,0.0,100.0,C
400506,9263.0,0.0,0.0,0.0,100.0,C
400446,200.0,0.0,0.0,0.0,100.0,C
400496,602.0,0.0,0.0,0.0,100.0,C
400492,182.0,0.0,0.0,0.0,100.0,C
400484,251.0,0.0,0.0,0.0,100.0,C
400481,5006.303,0.0,0.0,0.0,100.0,C
400478,549.0,0.0,0.0,0.0,100.0,C
400473,6952.468,0.0,0.0,0.0,100.0,C
400468,6.0,0.0,0.0,0.0,100.0,C
400460,12116.343,0.0,0.0,0.0,100.0,C
400459,3600.0,0.0,0.0,0.0,100.0,C
400505,237.0,0.0,0.0,0.0,100.0,C
407127,2603.2690000000002,0.0,0.0,0.0,100.0,C
407126,533.0,0.0,0.0,0.0,100.0,C
407125,604.0,0.0,0.0,0.0,100.0,C
407097,0.0,0.0,0.0,0.0,100.0,C
407096,1086.069,0.0,0.0,0.0,100.0,C
407095,3716.426,0.0,0.0,0.0,100.0,C
407094,9178.51,0.0,0.0,0.0,100.0,C
407057,2.0,0.0,0.0,0.0,100.0,C
402251,5.0,0.0,0.0,0.0,100.0,C
406859,184.0,0.0,0.0,0.0,100.0,C
406768,600.0,0.0,0.0,0.0,100.0,C
406631,1.0,0.0,0.0,0.0,100.0,C
406389,1.0,0.0,0.0,0.0,100.0,C
406364,1.0,0.0,0.0,0.0,100.0,C
406361,1.0,0.0,0.0,0.0,100.0,C
406016,3432.0,0.0,0.0,0.0,100.0,C
405770,1.0,0.0,0.0,0.0,100.0,C
405539,2315.0,0.0,0.0,0.0,100.0,C
407032,6000.0,0.0,0.0,0.0,100.0,C
408161,3.0,0.0,0.0,0.0,100.0,C
408159,5.0,0.0,0.0,0.0,100.0,C
407970,4800.0,0.0,0.0,0.0,100.0,C
407816,104.0,0.0,0.0,0.0,100.0,C
407815,104.0,0.0,0.0,0.0,100.0,C
407737,1609.0,0.0,0.0,0.0,100.0,C
407443,440.0,0.0,0.0,0.0,100.0,C
407441,5892.0,0.0,0.0,0.0,100.0,C
407128,996.0,0.0,0.0,0.0,100.0,C
407439,264.0,0.0,0.0,0.0,100.0,C
407438,32.0,0.0,0.0,0.0,100.0,C
407399,3432.0,0.0,0.0,0.0,100.0,C
407336,17.218,0.0,0.0,0.0,100.0,C
407270,32.0,0.0,0.0,0.0,100.0,C
407215,2.0,0.0,0.0,0.0,100.0,C
407169,20.0,0.0,0.0,0.0,100.0,C
407130,14.0,0.0,0.0,0.0,100.0,C
407129,11715.073,0.0,0.0,0.0,100.0,C
407440,5796.0,0.0,0.0,0.0,100.0,C
404617,248.0,0.0,0.0,0.0,100.0,C
404613,60.0,0.0,0.0,0.0,100.0,C
404554,6.0,0.0,0.0,0.0,100.0,C
404553,2.0,0.0,0.0,0.0,100.0,C
404535,18.0,0.0,0.0,0.0,100.0,C
404523,0.0,0.0,0.0,0.0,100.0,C
404517,12.0,0.0,0.0,0.0,100.0,C
404508,6.0,0.0,0.0,0.0,100.0,C
405537,156.096,0.0,0.0,0.0,100.0,C
404467,150.0,0.0,0.0,0.0,100.0,C
404441,264.0,0.0,0.0,0.0,100.0,C
404418,2.4,0.0,0.0,0.0,100.0,C
404287,120.0,0.0,0.0,0.0,100.0,C
404284,2.0,0.0,0.0,0.0,100.0,C
404265,2.0,0.0,0.0,0.0,100.0,C
404264,2.0,0.0,0.0,0.0,100.0,C
404251,2.0,0.0,0.0,0.0,100.0,C
404231,2.0,0.0,0.0,0.0,100.0,C
404468,10.0,0.0,0.0,0.0,100.0,C
405492,295.0,0.0,0.0,0.0,100.0,C
405491,8390.275,0.0,0.0,0.0,100.0,C
405489,48.0,0.0,0.0,0.0,100.0,C
405487,10925.111,0.0,0.0,0.0,100.0,C
405473,5790.4,0.0,0.0,0.0,100.0,C
405456,3.0,0.0,0.0,0.0,100.0,C
405382,1102.0,0.0,0.0,0.0,100.0,C
404987,3.0,0.0,0.0,0.0,100.0,C
404622,4199.383,0.0,0.0,0.0,100.0,C
404972,260.0,0.0,0.0,0.0,100.0,C
404894,1.0,0.0,0.0,0.0,100.0,C
404892,2.0,0.0,0.0,0.0,100.0,C
404745,104.0,0.0,0.0,0.0,100.0,C
404741,1413.0,0.0,0.0,0.0,100.0,C
404740,169.0,0.0,0.0,0.0,100.0,C
404738,1698.0,0.0,0.0,0.0,100.0,C
404732,9589.778,0.0,0.0,0.0,100.0,C
404719,1351.0,0.0,0.0,0.0,100.0,C
404985,805.0,0.0,0.0,0.0,100.0,C
410032,2.0,0.0,0.0,0.0,100.0,C
410031,1.0,0.0,0.0,0.0,100.0,C
410030,200.0,0.0,0.0,0.0,100.0,C
410029,1.0,0.0,0.0,0.0,100.0,C
410020,10.0,0.0,0.0,0.0,100.0,C
410019,10.0,0.0,0.0,0.0,100.0,C
410011,2.0,0.0,0.0,0.0,100.0,C
409974,1.0,0.0,0.0,0.0,100.0,C
408165,3.0,0.0,0.0,0.0,100.0,C
409947,3.0,0.0,0.0,0.0,100.0,C
409945,1.0,0.0,0.0,0.0,100.0,C
409944,1.0,0.0,0.0,0.0,100.0,C
409901,1.0,0.0,0.0,0.0,100.0,C
409885,4.0,0.0,0.0,0.0,100.0,C
409817,1.0,0.0,0.0,0.0,100.0,C
409816,1.0,0.0,0.0,0.0,100.0,C
409808,180.0,0.0,0.0,0.0,100.0,C
409805,3.0,0.0,0.0,0.0,100.0,C
409963,82.0,0.0,0.0,0.0,100.0,C
410147,2055.0,0.0,0.0,0.0,100.0,C
410068,2.0,0.0,0.0,0.0,100.0,C
410067,3.0,0.0,0.0,0.0,100.0,C
410066,10.0,0.0,0.0,0.0,100.0,C
410063,14.0,0.0,0.0,0.0,100.0,C
410062,5.0,0.0,0.0,0.0,100.0,C
410052,100.0,0.0,0.0,0.0,100.0,C
410050,6270.4619999999995,0.0,0.0,0.0,100.0,C
410033,120.0,0.0,0.0,0.0,100.0,C
410048,4370.0,0.0,0.0,0.0,100.0,C
410047,8696.387999999999,0.0,0.0,0.0,100.0,C
410046,1859.266,0.0,0.0,0.0,100.0,C
410045,1071.0,0.0,0.0,0.0,100.0,C
410044,2.0,0.0,0.0,0.0,100.0,C
410041,9296.325,0.0,0.0,0.0,100.0,C
410036,1.0,0.0,0.0,0.0,100.0,C
410035,2.0,0.0,0.0,0.0,100.0,C
410034,2.0,0.0,0.0,0.0,100.0,C
410049,151.0,0.0,0.0,0.0,100.0,C
409268,400.0,0.0,0.0,0.0,100.0,C
409257,220.0,0.0,0.0,0.0,100.0,C
409249,2.0,0.0,0.0,0.0,100.0,C
409240,1.0,0.0,0.0,0.0,100.0,C
409233,30.0,0.0,0.0,0.0,100.0,C
409232,51.0,0.0,0.0,0.0,100.0,C
409203,24.0,0.0,0.0,0.0,100.0,C
409150,4.0,0.0,0.0,0.0,100.0,C
409792,1.0,0.0,0.0,0.0,100.0,C
408994,8741.0,0.0,0.0,0.0,100.0,C
408990,2.0,0.0,0.0,0.0,100.0,C
408951,500.0,0.0,0.0,0.0,100.0,C
408949,3.0,0.0,0.0,0.0,100.0,C
408896,500.0,0.0,0.0,0.0,100.0,C
408742,3.0,0.0,0.0,0.0,100.0,C
408539,1.0,0.0,0.0,0.0,100.0,C
408291,3931.523,0.0,0.0,0.0,100.0,C
408192,2.0,0.0,0.0,0.0,100.0,C
408995,5596.0,0.0,0.0,0.0,100.0,C
409791,10.0,0.0,0.0,0.0,100.0,C
110097,30.0,0.0,0.0,0.0,100.0,C
409789,1.0,0.0,0.0,0.0,100.0,C
409788,1.0,0.0,0.0,0.0,100.0,C
409787,1.0,0.0,0.0,0.0,100.0,C
409785,1.0,0.0,0.0,0.0,100.0,C
409779,2.0,0.0,0.0,0.0,100.0,C
409778,2.0,0.0,0.0,0.0,100.0,C
409301,100.0,0.0,0.0,0.0,100.0,C
409743,720.0,0.0,0.0,0.0,100.0,C
409738,1628.0,0.0,0.0,0.0,100.0,C
409737,2.0,0.0,0.0,0.0,100.0,C
409628,20.0,0.0,0.0,0.0,100.0,C
409620,6.0,0.0,0.0,0.0,100.0,C
409524,3.0,0.0,0.0,0.0,100.0,C
409376,3360.0,0.0,0.0,0.0,100.0,C
409374,1.0,0.0,0.0,0.0,100.0,C
409373,2264.0,0.0,0.0,0.0,100.0,C
409744,240.0,0.0,0.0,0.0,100.0,C
402627,16.0,0.0,0.0,0.0,100.0,C
402625,4052.0,0.0,0.0,0.0,100.0,C
402624,232.0,0.0,0.0,0.0,100.0,C
402617,21.0,0.0,0.0,0.0,100.0,C
402611,1106.0,0.0,0.0,0.0,100.0,C
402609,44.0,0.0,0.0,0.0,100.0,C
402608,5.0,0.0,0.0,0.0,100.0,C
402607,6.0,0.0,0.0,0.0,100.0,C
404229,84.0,0.0,0.0,0.0,100.0,C
402595,5.0,0.0,0.0,0.0,100.0,C
402592,14624.0,0.0,0.0,0.0,100.0,C
402570,5036.074,0.0,0.0,0.0,100.0,C
402554,5.0,0.0,0.0,0.0,100.0,C
402533,212.0,0.0,0.0,0.0,100.0,C
402527,5949.0,0.0,0.0,0.0,100.0,C
402526,9.0,0.0,0.0,0.0,100.0,C
402525,10.0,0.0,0.0,0.0,100.0,C
402515,3.0,0.0,0.0,0.0,100.0,C
402600,8.0,0.0,0.0,0.0,100.0,C
402875,250.0,0.0,0.0,0.0,100.0,C
402866,5.0,0.0,0.0,0.0,100.0,C
402860,19.0,0.0,0.0,0.0,100.0,C
402824,14152.936,0.0,0.0,0.0,100.0,C
402810,0.0,0.0,0.0,0.0,100.0,C
402807,3385.0,0.0,0.0,0.0,100.0,C
402767,4801.965,0.0,0.0,0.0,100.0,C
402741,1458.0,0.0,0.0,0.0,100.0,C
402660,746.0,0.0,0.0,0.0,100.0,C
402733,1855.0,0.0,0.0,0.0,100.0,C
402729,15.0,0.0,0.0,0.0,100.0,C
402714,397.0,0.0,0.0,0.0,100.0,C
402712,120.0,0.0,0.0,0.0,100.0,C
402701,804.0,0.0,0.0,0.0,100.0,C
402689,310.0,0.0,0.0,0.0,100.0,C
402675,123.0,0.0,0.0,0.0,100.0,C
402672,56.0,0.0,0.0,0.0,100.0,C
402670,19.0,0.0,0.0,0.0,100.0,C
402739,144.0,0.0,0.0,0.0,100.0,C
402332,187.0,0.0,0.0,0.0,100.0,C
402331,1043.0,0.0,0.0,0.0,100.0,C
402324,1081.0,0.0,0.0,0.0,100.0,C
402322,6099.0,0.0,0.0,0.0,100.0,C
402320,4.0,0.0,0.0,0.0,100.0,C
402312,17318.789,0.0,0.0,0.0,100.0,C
402310,57.0,0.0,0.0,0.0,100.0,C
402307,13458.496,0.0,0.0,0.0,100.0,C
402490,349.0,0.0,0.0,0.0,100.0,C
402296,14322.02,0.0,0.0,0.0,100.0,C
402292,0.0,0.0,0.0,0.0,100.0,C
402287,16585.0,0.0,0.0,0.0,100.0,C
402286,5537.0,0.0,0.0,0.0,100.0,C
402277,31.0,0.0,0.0,0.0,100.0,C
402276,182.0,0.0,0.0,0.0,100.0,C
402275,586.0,0.0,0.0,0.0,100.0,C
402265,912.0,0.0,0.0,0.0,100.0,C
402260,62.0,0.0,0.0,0.0,100.0,C
402299,4200.0,0.0,0.0,0.0,100.0,C
402460,14.0,0.0,0.0,0.0,100.0,C
402456,132.0,0.0,0.0,0.0,100.0,C
402452,96.0,0.0,0.0,0.0,100.0,C
402448,600.0,0.0,0.0,0.0,100.0,C
402443,172.0,0.0,0.0,0.0,100.0,C
402433,7842.0,0.0,0.0,0.0,100.0,C
402425,20.0,0.0,0.0,0.0,100.0,C
402407,349.0,0.0,0.0,0.0,100.0,C
402333,1200.0,0.0,0.0,0.0,100.0,C
402401,11319.0,0.0,0.0,0.0,100.0,C
402400,49.0,0.0,0.0,0.0,100.0,C
402397,22018.98,0.0,0.0,0.0,100.0,C
402374,34.0,0.0,0.0,0.0,100.0,C
402373,1441.0,0.0,0.0,0.0,100.0,C
402365,128.0,0.0,0.0,0.0,100.0,C
402359,909.0,0.0,0.0,0.0,100.0,C
402354,26.0,0.0,0.0,0.0,100.0,C
402335,1.0,0.0,0.0,0.0,100.0,C
402404,1013.0,0.0,0.0,0.0,100.0,C
404071,3216.0,0.0,0.0,0.0,100.0,C
404054,495.0,0.0,0.0,0.0,100.0,C
404005,198.0,0.0,0.0,0.0,100.0,C
403954,7605.715,0.0,0.0,0.0,100.0,C
403931,96.0,0.0,0.0,0.0,100.0,C
403929,2.0,0.0,0.0,0.0,100.0,C
403915,3.0,0.0,0.0,0.0,100.0,C
403875,38.0,0.0,0.0,0.0,100.0,C
402882,15.0,0.0,0.0,0.0,100.0,C
403852,2399.0,0.0,0.0,0.0,100.0,C
403843,11281.043,0.0,0.0,0.0,100.0,C
403838,13901.675000000001,0.0,0.0,0.0,100.0,C
403830,1293.0,0.0,0.0,0.0,100.0,C
403807,662.0,0.0,0.0,0.0,100.0,C
403804,2999.522,0.0,0.0,0.0,100.0,C
403741,3600.0,0.0,0.0,0.0,100.0,C
403739,3109.0,0.0,0.0,0.0,100.0,C
403686,474.0,0.0,0.0,0.0,100.0,C
403868,5.0,0.0,0.0,0.0,100.0,C
404223,7982.0,0.0,0.0,0.0,100.0,C
404215,432.0,0.0,0.0,0.0,100.0,C
404213,256.0,0.0,0.0,0.0,100.0,C
404208,802.0,0.0,0.0,0.0,100.0,C
404205,7.0,0.0,0.0,0.0,100.0,C
404203,4.0,0.0,0.0,0.0,100.0,C
404199,14.0,0.0,0.0,0.0,100.0,C
404196,580.0,0.0,0.0,0.0,100.0,C
404072,48.0,0.0,0.0,0.0,100.0,C
404183,805.0,0.0,0.0,0.0,100.0,C
404157,987.0,0.0,0.0,0.0,100.0,C
404155,4.0,0.0,0.0,0.0,100.0,C
404154,12.0,0.0,0.0,0.0,100.0,C
404149,2.0,0.0,0.0,0.0,100.0,C
404115,204.0,0.0,0.0,0.0,100.0,C
404113,3609.517,0.0,0.0,0.0,100.0,C
404112,200.0,0.0,0.0,0.0,100.0,C
404084,15257.0,0.0,0.0,0.0,100.0,C
404195,1200.0,0.0,0.0,0.0,100.0,C
403409,135.0,0.0,0.0,0.0,100.0,C
403376,2.0,0.0,0.0,0.0,100.0,C
403374,1.0,0.0,0.0,0.0,100.0,C
403371,3600.0,0.0,0.0,0.0,100.0,C
403365,1.0,0.0,0.0,0.0,100.0,C
403353,3720.0,0.0,0.0,0.0,100.0,C
403344,1.0,0.0,0.0,0.0,100.0,C
403323,639.0,0.0,0.0,0.0,100.0,C
403682,13993.518,0.0,0.0,0.0,100.0,C
403251,25.0,0.0,0.0,0.0,100.0,C
403204,3.2,0.0,0.0,0.0,100.0,C
403182,5639.0,0.0,0.0,0.0,100.0,C
403168,1121.0,0.0,0.0,0.0,100.0,C
403121,2589.0,0.0,0.0,0.0,100.0,C
403113,7200.0,0.0,0.0,0.0,100.0,C
403103,4.0,0.0,0.0,0.0,100.0,C
403033,5.0,0.0,0.0,0.0,100.0,C
402955,240.0,0.0,0.0,0.0,100.0,C
403306,120.0,0.0,0.0,0.0,100.0,C
403675,7764.706,0.0,0.0,0.0,100.0,C
403668,9.0,0.0,0.0,0.0,100.0,C
403666,120.0,0.0,0.0,0.0,100.0,C
403647,435.111,0.0,0.0,0.0,100.0,C
403641,3658.0,0.0,0.0,0.0,100.0,C
403602,9969.771,0.0,0.0,0.0,100.0,C
403594,24955.971999999998,0.0,0.0,0.0,100.0,C
403593,276.0,0.0,0.0,0.0,100.0,C
403580,4024.4249999999997,0.0,0.0,0.0,100.0,C
403499,10150.045,0.0,0.0,0.0,100.0,C
403572,14828.356,0.0,0.0,0.0,100.0,C
403564,6.0,0.0,0.0,0.0,100.0,C
403563,29.0,0.0,0.0,0.0,100.0,C
403559,302.0,0.0,0.0,0.0,100.0,C
403558,302.0,0.0,0.0,0.0,100.0,C
403553,3.0,0.0,0.0,0.0,100.0,C
403531,8.0,0.0,0.0,0.0,100.0,C
403515,115.0,0.0,0.0,0.0,100.0,C
403502,17.0,0.0,0.0,0.0,100.0,C
403574,5751.9130000000005,0.0,0.0,0.0,100.0,C
