CÓDIGO	DESCRIÇÃO	UDM	VALOR UNITÁRIO	"LEAD 
TIME"
409620	REGULADOR TENSAO 1F 333KVA 7,96KV 438A	UN	633900	60
404892	DISJ 3P 17,5KV 1.250A 25KA SION 3AE 1284	UN	213546,36	60
403103	BUCHA CONDENSIVA POLIMERICA 138KV 1250A	CJ	205018	60
409816	DISJ 3P 15KV 2000A 31,5KA 3AH3165-4	UN	164430,7	60
409817	DISJ 3P 17,5KV 1250A 25KA 3AH5214-2	UN	160159,77	60
405770	CAMERA TERMOGRAFICA TERMOVISOR -40-2000º	PEÇ	152850,4	60
409945	SIST INVERSOR (N+1) C/ CHAVE ESTATICA	UN	139047,4	60
403531	BANCO DE BATERIAS ESTAC 125VCC - 500AH	UN	113853,32	60
409779	BANCO DE CAPACITOR 3F 15KV 600KVAR AUTOM	UN	100700,43	60
409778	BANCO DE CAPACITOR 3F 15KV 300KVAR AUTOM	UN	97337,23	60
402617	REGULADOR TENSAO 1F 167 KVA 7,96KV 219A	UN	90625	60
404149	RETIFIC CHAVEAD 380VCA/3F/125VCC/160A	UN	86775,87	60
409974	UNIDADE PROT DIFERENC LINHA RED 670	UN	81282,15	60
402860	REGULADOR TENSAO 1F 250 KVA 7,62KV 328A	UN	78170	60
409944	RETIFIC CHAVEAD 220VCA/3F/125VCC/150A	UN	78130,76	60
402866	REGISTRADOR DIG PERT RPV-311 GE/REASON	UN	68475	60
404535	REGULADOR TENSAO 1F 250 KVA 7,96KV 328A	UN	58203,77	60
409885	RELÉ DE PROTEÇAO DIFERENCIAL	M2	57613,5	60
402554	MEDIDOR/REGIST GRAND SIST ELET MT TRIF	UN	56000	90
400051	TRAFO AER 3F 15KV 225KVA 220/127V 7TP	UN	55600,8	90
406389	ANALISADOR DE BATERIA AVANCADO C/MOCHILA	UN	55500	90
403409	RELIGADOR 3F AUTOMATICO 15KV 630A 12,5kA	UN	55405,99	60
409374	TRAFO CRTE 72,5KV; 50/100/200-5-5-; 0,3C	UN	55000	60
804826	TRELIÇA METÁLICA P/ TORRE	UN	50728,46	60
400243	TRAFO AER 3F 15KV 150KVA 220/127V 7TP	UN	39775,5	90
402320	DISJUNTOR 3P 15KV 110KV 1250A 25KA	UN	39698,71	60
404553	TERMINAL DE COMPUTADOR SERVIDOR SAGE	UN	36046,61	90
403033	BANCO DE BATERIAS SELADA 48VCC 300AH	UN	35583,34	60
410067	SWITCH RUDDECOM i803 FO LC  ETHERNET	PEÇ	35000	60
401629	POSTE FIBRA VIDRO 33M 1000KGF	UN	34098	60
409737	CONJ MEDICAO 15KV; 70:1; 400-5A; USO EXT	UN	32700	60
404171	CONJ MEDICAO 15KV; 70:1; 300-5A; USO EXT	UN	32300	60
404172	CONJ MEDICAO 15KV; 70:1; 100-5A; USO EXT	UN	30750	60
404160	CONJ MEDICAO 15KV; 70:1; 10-5A; USO EXT	UN	30750	60
404169	CONJ MEDICAO 15KV; 70:1; 150-5A; USO EXT	UN	30750	60
404161	CONJ MEDICAO 15KV; 70:1; 15-5A; USO EXT	UN	30750	60
404170	CONJ MEDICAO 15KV; 70:1; 200-5A; USO EXT	UN	30750	60
404162	CONJ MEDICAO 15KV; 70:1; 20-5A; USO EXT	UN	30750	60
404164	CONJ MEDICAO 15KV; 70:1; 30-5A; USO EXT	UN	30750	60
404166	CONJ MEDICAO 15KV; 70:1; 50-5A; USO EXT	UN	30750	60
404159	CONJ MEDICAO 15KV; 70:1; 5-5A; USO EXT	UN	30750	60
404168	CONJ MEDICAO 15KV; 70:1; 60-5A; USO EXT	UN	30750	60
404167	CONJ MEDICAO 15KV; 70:1; 75-5A; USO EXT	UN	30750	60
406361	HIPOT TENSÃO ATÉ 60kV; CRTE TESTE 100mA	UN	30500	60
404264	MODULOS MEDICAO 3 BUCHAS CAPACITIVAS	UN	29323,18	60
400288	TRAFO AER 3F 15KV 112,5KVA 220/127V 7TP	UN	28827,07	90
403929	RELOGIO SINCRONIZACAO SATELITE GPS RT430	UN	28000	60
402460	UNIDADE COMPUTACIONAL FANLESS P/ PAINEL	UN	26387,22	60
404554	SWITCH ETHERNET	UN	26233,62	60
401405	CHAVE SECC 3P 15KV 400A 12,5KA	UN	25415,98	60
402670	BANCO DE CAPACITOR 3F 15KV 600KVAR FIXO	UN	22631,14	60
401987	POSTE FIBRA VIDRO 22M 1000DAN	UN	21286,96	60
410200	 CONECTOR COMP TIPO H 95-95	UN	22	60
402627	RELIGADOR 1F AUTOMATICO 15KV 200A 4,2kA	UN	20900	60
401004	RELIGADOR 1F AUTOMAT 7,96 KV 100A 6,3kA	UN	19886,04	60
408949	ANALISADOR DE MEDIÇAO ADR 4000	UN	19874,12	60
407130	RELIGADOR 1F AUTOMATICO 15KV 200A 6,3kA	UN	18680	60
402607	TRAFO MEDIDA POT 69KV 69/V3KV/115/115/V3	UN	18602,21	60
404203	TERMINAL SERVER 16 PORTAS TS1000 32MB	UN	16314,3	90
403915	MEDIDOR CORRENTE REDE PRIMARIA	UN	16200	90
407215	KIT SOBRESSALENTE PARA INVERSOR CC-CA	KG	15982,34	60
402277	BANCO DE CAPACITOR 3F 15KV 300KVAR FIXO	UN	15868,82	60
400073	TRAFO AER 3F 15KV 45KVA 220/127V 7TP	UN	15179,96	90
401410	ALICATE HIDRAULICO CABEC 400MM2	PEÇ	14725	60
400385	BANCO DE CAPACITOR 3F 15KV 150KVAR FIXO	UN	14511,01	60
402092	BANCO DE CAPACITOR 3F 15KV 75KVAR FIXO	UN	13724,31	60
404265	MODULO INTERFACE MONITORACAO 9 BUCHAS	UN	13680,37	60
400028	SWITCH OPTICO RUGGEDCOM 19P RSG2100	UN	12968,52	60
400436	CHAVE 1P 15KV 400A 12,5KA AUT VACUO 125K	UN	12945,92	60
400227	POSTE FIBRA VIDRO E-CR 18M 600DAN	UN	12395,05	60
401324	TRAFO AER 3F 15KV 30KVA 220/127V 7TP	UN	12375,72	90
410029	REPETIDORA SLR5100 VHF	UN	12000	60
406631	TERROMETRO DIGITAL EM4058	UN	10356,62	60
404468	CAPACITOR MONOPOLAR 700KVAR 8,66KV	UN	10272,6	60
402132	TRAFO AER 1F 15KV 25KVA 240/120V 7TP	UN	10154,77	90
403868	SWITCH LAYER 3 GER 8P 10/100/1000MBPS	UN	10000	60
404284	CONVERSOR 4 PORT. 10/100M+2 FIBRA	UN	9468,73	60
404894	ANTENA COLINEAR 8EL 160/174MHZ ARS 13DBI	UN	8900	60
410044	RELE DE PROTEÇÃO E CONTROLE	M2	8600	60
402425	POSTE FIBRA VIDRO 15M 600DAN	UN	8085	60
410066	FONTE SOBRESSALENTE GE REASON RPV 311	UN	8000	60
403344	POSTE CONCRETO CIRC 18M 1000DAN	UN	7498,27	45
400985	POSTE FIBRA VIDRO E-CR 13M 1000DAN	UN	7442	60
401193	TRAFO AER 1F 7,96KV 15KVA 240/120V 7TP	UN	7279,45	90
403365	POSTE CONCRETO CIRC 15M 1500DAN	UN	7011,34	45
403374	POSTE CONCRETO CIRC 15M 1000DAN	UN	6513,85	45
805405	QUADRO GERAL DISTRIBUICAO P/ INVERSOR	PEÇ	6182,85	60
804454	LOADBUSTER INTERRUPTOR DE CARGA 13,8KV	UN	6000	60
804425	MODULO RETIFICADOR 125VCC	UN	5952,56	60
402447	TRAFO AER 1F 7,96KV 10KVA 240/120V 7TP	UN	5491,95	90
401752	POSTE CONCRETO CIRC TRON 13M 1500KG	UN	5478	45
400984	POSTE FIBRA VIDRO 11M 1000DAN	UN	5440	60
401964	POSTE CONCRETO DUPLO T 13M 1500DAN	UN	5251,41	45
408332	MED IN 3E 4F 67 120 240V 10A ACL DF D	UN	5199,8	90
401931	POSTE FIBRA VIDRO E-CR 13M 600DAN	PAC	5195	60
410063	FANLESS SIEMENS IPC BX-39A	UN	5000	60
409249	MEGOHMETRO - MEGGER	UN	5000	60
409805	SWITCH ETHERNET RUGGEDCOM RMC40	UN	5000	60
403564	TRANSFORMADOR DE CORRENTE 72,5KV IT40KA	UN	5000	60
401349	POSTE CONCRETO CIRC 11M 1000DAN	CX	4822,69	45
404205	SWITCH DE FIBRAS 24 PORTAS 10/100 MBPS	UN	4790	60
800062	CABO  MULT 2X16+1X16MM² XLPE 0,6/1 KV	UN	5,39	60
400072	TRAFO AER 1F 7,96KV 5KVA 240/120V 7TP	UN	4586,64	90
409785	ANALISADOR PORTATIL DE GAS E UMIDADE	UN	4500	60
410031	GATEWAY COMUNICACAO C/ CABOS(BMS)	M2	4500	60
409901	GATEWAY DE COMUNICAÇÃO_SDG	UN	4500	60
400210	POSTE CONCRETO TRON CON 13M 1000KGF	UN	4500	45
402515	POSTE CONC CIRCULAR 12/1000	UN	4418,25	45
402013	POSTE CONCRETO CIRC 15M 600DAN	UN	4336,88	45
401699	POSTE FIBRA VIDRO E-CR 13M 400DAN	UN	4327	60
402098	POSTE CONCRETO DUPLO T 13M 1000DAN	UN	4293,65	45
800762	CABO  MULT 3X70+1X70 MM² XLPE 0,6/1 KV	UN	28	60
404467	CAPACITOR 1F 200KVAR 7,96KV AUTOM	UN	4168	60
404155	PARAFUSADEIRA FURADEIRA 18V PROFISSIONAL	UN	4086,76	60
402242	POSTE FIBRA VIDRO E-CR 11M 600DAN	UN	4055,1	30
401969	POSTE CONCRETO DUPLO T 15M 1000DAN	UN	3947,38	45
804426	CONTROLADOR IHM 125VCC	UN	3825,51	60
803146	MOTOPODA 131 1,4KW 36,3CIL CAP 530ML	UN	3800	60
401260	POSTE CONCRETO TRON CON 9M 1000KGF	UN	3687,55	45
410068	MICROTIK CCR2004-16G-2S+	UN	3600	60
406364	LAVADORA À PRESSÃO	PEÇ	3570	60
400710	CABO  MULT 3X95+1X70MM² XLPE 0,6/1 KV	UN		60
804614	MINI ALICATE AMPERIMETRO 30A CA/40A CC	UN	3550	60
401296	POSTE CONCRETO TRON CON 11M 600KGF	UN	3504,41	45
403376	POSTE CONCRETO CIRC 15M 400DAN	UN	3359,23	45
805406	MODULO CONTROL/SUPERV P/ INVERSOR 15KVA	UN	3252,23	60
804427	MODULO RETIFICADOR 48 VCC	PEÇ	3161,66	60
800060	CABO ELET 15KV AL PROT XLPE 185MM2 1F MT	M	16,52	60
805190	CONTROLADOR IHM 48VCC	UN	3072,49	60
800021	CABO ELET CU 95MM2 90°XLPE 0,6/1KV	M	74,57	60
805512	CABEÇOTE PRENSA TERMINAL 6T	UN	3000	60
805505	MOTOPODA TOYAMA TPP33TX 2T 1,2HP33CC	UN	3000	60
404987	SWITCH UNIFI 24P+802.3AT/BT 2P SFP+10	UN	2900	60
804738	BASTAO PEGA-TUDO TENSAO ATE 15 KV	UN	2800	60
409301	UNID REMOTA ESENSOR-RL IP67 UL94HB	UN	2778	60
401318	POSTE FIBRA VIDRO E-CR 9M 600DAN	UN	2721,33	60
400995	POSTE CONCRETO DUPLO T 9M 1000DAN	UN	2715,29	45
400988	POSTE CONCRETO TRON CON 9M 600KGF	UN	2714,44	45
800177	CABO ELET FLEXIVEL PVC 750V 2,5MM2 CZ	M	1,04	60
408539	TABLET 10 POL	UN	2630	60
400221	POSTE FIBRA VIDRO E-CR 11M 300DAN	UN	2609,6	60
111059	MOTOSERRA MS-250 16 28DT 30CM	0	2529	60
409240	OSCILOGRAFO	UN	2500	60
404231	MODULO AQUISICAO DADOS 8 ENTR DIGITAIS	UN	2440,6	60
800163	CABO ELET NU CA AL 2/0AWG 67,40MM2	KG	29	60
400968	POSTE FIBRA VIDRO 11M 200DAN	UN	2280,12	60
401678	TRAFO POT 13,8 3KV 115 REL70 1 0,3P75	UN	2200	60
404282	CABO OPTICO CALIBRAVEL RS232 ABNT	KG	195,36	60
404517	MULTIMETRO LCD 3 5/6 IP65 CAT IV 600V	UN	2170	60
409150	DISJUNTOR 3P 15KV 110KV 2500A 25KA	UN	2100	60
804115	CAIXA PARA MEDIDOR POLIFASICA VIS. VIDRO	M	70,83	60
401034	CONECTOR DER CUNH AZ AL 4/0 2/0 336,4MCM	UN	10,52	90
401127	POSTE CONCRETO ARM DUPL T 11M 600KGF	UN	2062	45
805528	CABECOTE PARA DE GRAMPOS DE ATERRAMENTO	UN	2000	60
805139	MARTELETE COMBINADO MAKITA A BATERIA	UN	2000	60
409789	OIL SAMPLE COOLER	UN	2000	60
805502	QDCC RACK 19P COM 10+10 DJ 16-50MM2	UN	2000	60
800886	CONECTOR DER CUNHA AL 2/0AWG 336,4MCM	UN	27,6	90
409268	UNID REMOTA ESENSOR-BT C/TC IP67 UL94HB	UN	1970	60
804742	CONJ ATER. TEMP. P/ RED DE DIST ATE 22KV	UN	1800	60
805499	PLACA DE CONTROLE UIB P RET 125V	UN	1800	60
402650	POSTE CONCRETO DUPLO T 9 M 600 DAN	PEÇ	1750	45
405382	MED IN 3E 4F 120 240V 10A TB GD DF C	UN	1749	90
400216	POSTE FIBRA VIDRO 9M 200DAN	UN	1741,25	60
408896	MED IN 3E 4F 120 240V 200A TB QE GD DR C	UN	1710,48	60
409233	BUCHA DE PASSAGEM GVL-2215E	UN	1708,37	60
803598	BATERIA PARA TERMOVISORES 7.2V	UN	1634,57	60
403499	ABRACADEIRA PLAS 300 X 4,80MM	UN	0,54	60
403327	DISJUNTOR 2P 127/220V 400VCA 32A	UN	20	60
404251	FONTE DE ALIMENTACAO PS	UN	1513,58	60
409787	KIT DE VERIFICACAO DO SISTEMA KITT000012	UN	1500	60
804050	DISJUNTOR 2P 127/220V 400VCA 32A	UN	20	60
401309	TRAFO CRTE 15KV; 20-5A; 0,3C12,5 BARRA	UN	1405,5	60
401308	TRAFO CRTE 15KV; 10-5A; 0,3C12,5 BARRA	UN	1402,5	60
400074	TRAFO CRTE 15KV; 150-5A; 0,3C12,5 BARRA	UN	1402,5	60
401356	TRAFO CRTE 15KV; 15-5A; 0,3C12,5 BARRA	UN	1402,5	60
403251	TRAFO CRTE 15KV; 200-5A; 0,3C12,5 BARRA	UN	1402,5	60
400069	TRAFO CRTE 15KV; 5-5A; 0,3C12,5 BARRA	UN	1402,5	60
401771	TRAFO CRTE 15KV; 60-5A; 0,3C12,5 BARRA	UN	1402,5	60
804145	ESMERILHADEIRA ANGULAR 125MM 220V	UN	1386,79	60
804631	KIT SOBRESSALENTE PARA CONVERSOR CC-CC	UN	1327,73	60
402847	POSTE CONC DUPL T 9 M 300 DAN	UN	1295	45
403668	ALICATE CRIMPADOR P/ TERMINAL ISOLADO	UN	1283,66	60
805480	CHAVE DE IMPACTO 18V-450NM	UN	1269,01	60
804461	VARA MANOBRA TELESC VID 7 ELEM	UN	1250	60
401735	TRAFO CRTE 0,6KV;800-5A 0,3C12,5 JANELA	UN	1175	60
404613	TRAFO CRTE 15KV; 40-5A; 0,3C12,5 BARRA	UN	1170	60
805407	SOBRESSAL VENTILADOR CARREGADOR-RETIF	UN	1135,09	60
404195	MODULO DE COMUNIC REMOTA 3G/4G TNC	UN	1129	60
409232	CAMPANULAS DISJUNTOR SION	UN	1067,73	60
110195	ESCADA FBV EXT 5,10X9,00M 29DEG 30KG	0	1054,79	60
409628	TELEFONE GRANDSTREAM IP BASICO	UN	1050	60
401685	TRAFO CRTE 0,6KV;600-5A 0,3C12,5 JANELA	UN	1040	60
804295	PARAFUSADEIRA 18V BOSCH	UN	1026,2	60
804842	BATERIA VEICULAR 100A	UN	1011,33	60
410032	CONTROLADOR S0 C/ CABEAMENTO (BMS)	UN	1000	60
404196	MODULO COMUNIC. INT. 4G P/ MEDIDOR	UN	999,97	90
805403	FUSIVEL RAPIDO 30A	UN	998,68	60
401992	TRAFO CRTE 0,6KV 400-5A; 0,3C12,5 BARRA	UN	968	60
400292	TRAFO CRTE 0,6KV;300-5A 0,3C12,5 JANELA	PEÇ	968	60
403337	MED EL 3E 4F 120V 200A TB GD B	UN	950,8	90
410177	ABRACADEIRA PLAS UV 150X3,50MM	UN	1,85	20
410011	ESMERILHADEIRA A BATERIA 18V 4 1/2	UN	900	60
805500	GATEWAY MODBUS SERIAL/TCP-IP ETHERNET	UN	900	60
805506	MOTOSSERRA TOYAMA TCS58F-20TSN	UN	900	60
410033	SENSOR MEDIÇÃO SN C/CABEAMENTO(BMS)	UN	900	60
404229	TRAFO CRTE 15KV; 30-5A; 0,3C12,5 BARRA	UN	853,26	60
804484	GRAMPO ANCOR CABO 795 TERN	UN	803	60
805509	CONVERSOR BLACKBOX LH1708A-SC	UN	800	60
805521	MULTIMETRO DIGITAL FLUKE 15B+	UN	800	60
804602	ESMERILHADEIRA AN 115MM 4.1/2P 840W 127V	UN	788,45	60
407441	MED IN 3E 4F 120 240V 120A TB GD B	UN	780,56	90
410036	DESCARREGADOR DE BATERIAS 220 A, 300 V	UN	719	60
407443	MOSTRADOR REMOTO MEDIDORES 1003 AC/BAT	UN	716,75	60
401743	TRAFO CRTE 15KV; 100-5A; 0,3C12,5 BARRA	UN	714,33	60
410019	EXTENSOR GRANDSTREAM - GXP2200	PEÇ	700	60
402322	MED EL 3E 4F 120V 120A TB GD B	UN	691,61	90
803830	JOGO CHAVES SOQUETE ESTRIADA COM 18 PÇS	UN	674,52	60
404115	MED IN 3E 4F 120 240V 120A TB QE GD B	UN	657,03	90
401556	CABO ELET SUBAQ EPR 3F 3X50MM2 8,7/15KV	M	633,55	60
110158	ESCADA FBV EXT 420X720MM 23DEG 454KG	0	608,02	60
400183	MED EL 2E 3F 120V 120A TB GD B	CJ	605,69	90
409808	CAIXA DE DERIVACAO POLIM TRIF 160A	UN	600	60
804740	CONJUNTO ATERRAMENTOS BT MULTIPLEXADO	UN	600	60
409788	KIT DE AMOSTRA DE GAS KITT00005	UN	600	60
409792	MALA DE TRANSPORTE CASE01017	UN	600	60
804603	TALHA MANUAL CORRENTE CAP. 2TON	UN	600	60
120099	VARA MANOBRA SECC TUB VID 6,45M	0	600	60
404114	MED IN 2E 3F 120 240V 120A TB QE GD B	UN	575,41	90
400091	TRAFO CRTE 15KV 20-5A 13,8KV 0,3C12,5	UN	571,9	60
804017	ESTAÇÃO DE SOLDA POTÊNCIA DE 80 W	UN	567,22	60
403077	MED EL 3E 4F 120 240V 120A TB GD C	UN	565,87	90
400758	CHAVE SECC 1P 15KV 630A 110KV 25KA	KG	555,84	60
803866	LANTERNA TATICA DE LONGO ALCANCE	UN	550	60
120144	VARA MANOBRA TELESC FIB VID TRIANG 7,77M	0	542,58	60
804735	ESCADA A 3,96M, LARGURA 0,85M	UN	542,26	60
110713	LONA IMPERM FERRAM LONIL DUPLA FACE 4X3M	UN	519,44	60
402525	CRUZETA POLIMERICA 5000X112,5X90MM	UN	500,43	60
410035	BOX+FONTE C/ CABOS(BMS)	UN	500	60
805519	CONECTOR PARALELO 3 PARAFUSOS 2250MCM	UN	500	90
403161	PONTALETE FBV 100MM 6M	UN	500	30
805498	SOBRESSAL VENTILADOR CARREGADOR-RETIF	UN	500	60
410020	TELEFONE IP GRANDSTREAN MOD GXP2170	UN	500	60
803647	SOPRADOR TÉRMICO 1800W 220V	UN	487,82	60
800454	GAS HEXAFLUORETO ENXOFRE SF6	UN	478,17	60
404972	BRACO TIPO J	UN	477,35	60
800356	EMENDA ELET TERM-CON 8,7/15KV 240-630MM2	UN	474,33	60
402407	TRAFO CRTE 0,6KV;200-5A 0,3C12,5 JANELA	PEÇ	468	60
404154	DETECTOR DE TENSAO POR APROXIMACAO 15KV	UN	461,58	60
803692	TALHA MANUAL DE ALAVANCA CAPACIDADE 0,75	UN	450	60
803470	PONTALETE FBV 100MM 6M	UN	436,05	30
804816	BLUSA ANTICORTE P OPER MOTOSERRA	UN	434	60
400188	MONITOR 19P LCD 1680X1050	UN	420,71	60
802147	MUFLA POLIM TERM 8,7/15KV 240-630MM2	UN	420	60
400468	CABO ELET SUBAQ EPR 1X50MM2 8,7/15KV 1F	UN	415	60
804450	DETECTOR TENSAO MT DETEC APROX 1-15KV	UN	410	60
804462	BASTAO GRAMPO DE LINHA VIVA (3M)	UN	400	60
804671	FUSIVEL HH 10A 358C 52L MM	UN	400	60
803250	CONVERSOR DE FIBRA MONOMODO SM	UN	389	60
804562	EMENDA MUFLA ENFITADA 25-70MM 3,6/35KV	UN	387,26	60
402276	CHAVE FUSIVEL INDIC 15KV 200A/95KV BUC	UN	385,13	60
800262	CHAVE FUSIVEL INDIC 15KV 200A/95KV BUC	UN	385,13	60
803991	ALICATE CRIMPADOR PARA TERMINAIS	UN	381,72	60
403602	ABRACADEIRA PLAS UV 525X8,90MM TRI	PEÇ	3,57	60
800817	CHAVE FUSIVEL DIST 15KV 100A/10KA PORC	UN	380	60
804252	ROTULADORA COM CARTUCHOS DE REPOSICAO	UN	375,7	60
804734	ESCADA A 2,73M, LARGURA 0,71M	UN	375,41	60
804019	JOGO CHAVE PHILIPS 7P 1/8X3 A 5/16X6	UN	364,37	60
804238	TRENA C FITA DE FIBRA DE VIDRO 50MM	UN	358,02	60
409947	TRENA FIBRA ABERTA 100MT - 537B STARRETT	UN	358,02	60
805410	TRENA FIBRA ABERTA 100MT - 537B STARRETT	UN	358,02	60
402701	CHAVE SEC 1P 15KV 630A CONEXÃO TER CUNHA	PEÇ	354,84	60
404112	MED IN 1E 2F 120 240V 120A TB QE GD B	UN	350,08	90
401375	AFASTADOR REDE SEC AC 700MM 500MM	UN	156,85	60
402490	SUPORTE AFAST HORIZ C/PRENSA REDE 15KV	UN	350	60
801786	CHAVE AFERICAO SOBREPOR 6P CORR/4P TENS	UN	342,19	60
804274	SSD 480GB	UN	341,91	60
800717	GRAMPO LV OLHAL 18MM 10-120/10-70MM2	UN	69,1	60
407816	FECHADURA ELETRONICA ULTRA CARD	UN	335	60
801400	HASTE ATERRAMENTO CI AC 14,3X2438MM	UN	91,6	90
402195	TRAFO CRTE 15KV; 75-5A; 0,3C12,5 BARRA	UN	324,68	60
803100	SUPORTE AFAST HORIZ C/PRENSA REDE 15KV	UN	323,94	60
803840	CHAVE AJUSTÁVEL 8 ISOLADA 1000V 203MM	UN	322,64	60
400092	TRAFO CRTE 15KV 30-5A 6:1; 0,3C12,5	UN	322,35	60
402400	TRAFO CRTE 15KV; 50-5A; 0,3C12,5 BARRA	UN	322,05	60
804483	GRAMPO ANCOR CABO 266,8 PARTRIDGE	UN	318,42	60
409203	LUVA DE EMENDA TORQUIMÉTRICO 185MM2	PEÇ	317	60
804573	LUVA DE EMENDA TORQUIMÉTRICO 185MM2	PEÇ	317	60
805447	CORDAO OPTICO MM 62,5/125 LC-PC/LC-PC25M	UN	315,65	60
403502	CAIXA BARRAMENTO 250A	PEÇ	314,5	60
402675	CHAVE AFERICAO SOBREPOR 6P CORR/4P TENS	UN	308	60
408990	TRILHOS DESLIZANTES	UN	305,25	60
805116	BOMBA SUBMERSIVEL 220V	UN	300	60
804651	MANOMETRO EM ACO INOXIDAVEL WIKA B071751	UN	300	60
805229	RELE BIESTAVEL MOD BS 02 - BC	UN	300	60
803874	RELE FALTA DE FASE 2NA+2NF 125 VCC	UN	300	60
404199	COMUTADORES KVM 4 PORTAS USB TECL ACESSO	UN	290	60
403663	CABO CONCENTRICO CU 3X70+70MM	UN	285,18	60
804598	CAPACIMETRO MODELO MC-154A	UN	285	60
803254	BATERIA 12VCC SEL 24-28AH ISENTA MANUT	UN	268,81	60
805098	BATERIA ÍONS DE LITIO GBA 18V 2.0AH	PEÇ	257,06	60
803558	GRAMPO TENSÃO 90° CORDOALHA  AÇO 5/16	CJ	256,5	60
803559	GRAMPO SUSP MONOART 5 A 11 CORDOALHA5/16	KG	252,5	60
404738	TERMINAL CHAVE SEC 1F 35-185MM2	UN	252	90
803461	TERMINAL CHAVE SEC 1F 35-185MM2	UN	252	90
804741	BASTAO DE ATERRAMENTOS BT CONVENCIONAL	UN	250	60
403804	ALCA PREFORM 6,4MM 1/4P AM 635MM	UN	10,58	60
804490	CONECTOR EMENDA RETA 954 MAGNOLIA	UN	249,8	90
401547	CRUZETA POL PE/FBN 90X112,5X2400MM	UN	247,5	60
800847	CRUZETA POL PE/FBN 90X112,5X2400MM	UN	247,5	60
401657	MAO FRANCESA BECO AC 2135MM 35MMX5MM	UN	247,23	60
800991	MAO FRANCESA BECO AC 2135MM 35MMX5MM	UN	247,23	60
803510	GRAMPO ANCORAGEM  CORDOALHA  5/16	CX	236,75	60
403182	CONECTOR CHAVE SEC 1P FACA CU 10-300MM2	UN	232,2	90
802249	CONECTOR CHAVE SEC 1P FACA CU 10-300MM2	UN	232,2	90
800950	MUFLA TERMINAL 8,7/15KV 25-95MM2	UN	227	60
804566	JOGO CHAVE COMBINADA BOCA E ESTRELA	UN	223,33	60
401683	SUPORTE TRANSF POSTE DUP T AC 230X125MM	UN	223	60
400106	LUVA EMENDA 185MM 251MM	UN	220	60
801154	LUVA EMENDA 185MM 251MM	UN	220	60
800816	CAIXA EMENDA OPTICA 48F	UN	217,15	60
403168	SUPORTE PARA CAIXA SMC	UN	214,4	60
402452	SUPORTE TRANSF POSTE CIRC AC 200MM	KG	212,5	60
800712	SUPORTE TRANSF POSTE CIRC AC 200MM	KG	212,5	60
804258	REFLETOR LED 400/500W BIVOLT IP67	UN	208,35	60
805446	CORD OPT MM62,5/125 MTRJ-MACHO/ST-PC 25M	UN	205,35	60
802159	TINTA ESM SINTE VERM SECAGEM RAP 3,6L	UN	203,58	60
804554	ALICATE AMPERIM 750/1000V 1000A ET-3200A	UN	200,9	60
804574	CARREGADOR USB TIPO C SM-T595	UN	200	60
410047	ALCA PREFORM CABO CONC  2X25 + 25	UN	18	60
120117	CONE SINALIZACAO PVC LJ 75CM	UN	197,65	60
800654	PARA-RAIO DISTRIB POL 12KV 10KA S/CENT	UN	197	60
803749	TINTA DIELETRICA CVP P/ EQUIPAMENTOS	UN	196,7	60
400152	MED EL 3E 4F 120 240V 200A TB GD C	UN		60
407355	CRUZETA POL FBV/RES 2400X112,5X90MM DAT	UN	194,5	60
401959	CRUZETA POL FBV/RES PES 2400X112,5X90MM	UN	194,5	60
801112	CRUZETA POL FBV/RES PES 2400X112,5X90MM	UN	194,5	60
403580	ALCA PREFORM CABO CONC 3X35 + 35	UN	14,5	60
800006	SUPORTE TRANSF POSTE CIRC AC 290MM	UN	194,23	60
801386	SUPORTE TRANSF POSTE DUP T AC 210X125MM	UN	193,78	60
401165	SUPORTE TRANSF POSTE CIRC AC 240MM	UN	190,02	60
803509	CONECTOR PARALELO CABO CAA 477 MCM	UN	190	90
800760	SUPORTE TRANSF POSTE DUP T AC 210X115MM	UN	189,71	60
410062	ANTENA GPS GNSS GE REASON RT 420 30	UN	187	60
401014	SUPORTE TRANSF POSTE CIRC AC 280MM	UN	185,6	60
804595	TINTA ESM SINTE BRANCO SECAGEM RAP 3,6L	UN	184,8	60
403563	CHAVE SEC 1P 15KV 400A 95KA/S F. FACA	UN	179,1	60
804820	CALCA ANTICORTE P OPER MOTOSERRA	UN	169,96	60
402149	TERMINAL CU CHAVE SEC  70-120MM2	UN	168	45
800569	TERMINAL CU CHAVE SEC  70-120MM2	UN	168	45
804594	TINTA ESM SINTE AZUL SECAGEM RAP 3,6L	UN	167,2	60
408192	DISJUNTOR CAIXA MOLDADA 200A	UN	166,98	60
803748	DILUENTE ORGANICO COMPOSTO P/ EQUIP 5L	UN	166,69	60
805459	CONECTOR PERF 50-185MM2 15KV COM ESTRIBO	UN	165,9	90
402689	SUPORTE TRANSF POSTE CIRC AC 230MM	UN	165,56	60
803158	SUPORTE TRANSF POSTE CIRC AC 230MM	UN	165,56	60
403647	ALCA PREFORM CABO CONC 3X95 +70	PAC	18,09	60
402443	SUPORTE TRANSF POSTE CIRC AC 270MM	UN	162,69	60
800013	SUPORTE TRANSF POSTE CIRC AC 270MM	UN	162,69	60
804565	CRUZETA POL FBV/RES 2400X112,5X90MM DAT	UN	162,5	60
401753	ALCA PREFORM DIST CAA/CA 1/0AWG 50MM2	UN	14,46	60
800256	BRACO SUPORTE TIPO C 580X365MM 851/6	UN	161,68	60
801398	SUPORTE TRANSF POSTE DUP T AC 230X125MM	UN	161,67	60
403693	CABO CONCENTRICO CU 3X35+35MM	UN	160,05	60
803908	MOITAO TRIPLO PLAST C/CORDA 5/8P 750KG	UN	158	60
800928	SUPORTE TRANSF POSTE CIRC AC 255MM	UN	157,68	60
400827	ARRUELA LIS QD AC 17MM 11/16 57X57MM 5MM	UN	5,55	60
802246	CONECTOR PERF 50-185MM2 15KV COM ESTRIBO	UN	157,44	90
402106	BRACO L A1010/1020 3/8P16P	UN	89,97	60
401709	SUPORTE TRANSF POSTE CIRC AC 290MM	UN	156,03	60
804894	CABO ELET CU 185MM2 90°XLPE 0,6/1KV	UN	156	60
800727	SUPORTE TRANSF POSTE CIRC AC 280MM	UN	154,81	60
800192	AFASTADOR REDE SEC AC 700MM 500MM	UN	154,43	60
804102	TINTA RDV CINZA N 6,5 DUPLA FUNÇAO 3.6L	UN	151,36	60
804743	BANQUETA ISOLANTE 120DAN 40KV	UN	150,41	60
805491	BATERIA RADIO PORTATIL IP-57/67	UN	150	60
805268	CONECTOR TIPO T P/ CABO 266 MCM PARTRIDG	UN	150	90
804469	ESTICADOR BRACO CABO 2 A 1/0	UN	150	60
805529	HELICE DJI MAVIC 3 ENTERPRISE	UN	150	60
410034	SENSOR HALL C/ CABOS(BMS)	UN	150	60
801305	EMENDA PREF COND AL 300MCM 336,4MCM	UN	149,63	60
401040	CONECTOR TERMINAL CU FUND 10-300MM2	UN	149,58	90
801018	RESISTENCIA AQUEC 150W 220V	M	145,5	60
801128	GRAMPO ANCOR CABO 477MCM 8000KGF	UN	145,38	60
805445	CORDAO OPTICO SM 9/125 SC-PC/SC-PC 20M	UN	144,44	60
402017	SUPORTE TRANSF POSTE DUP T AC 210X125MM	UN	142,03	60
800398	GRAMPO ANCOR PAS AL 874,5~954MCM	-	141,24	60
402609	MEDIDOR ELETR POLIF MULT PROGR 120V 2,5A	UN	139,36	90
110487	BOLSA FERRAM LONA VD 500X200X380MM	0	135,83	60
800901	CRUZETA POL PE/FBN 90X112,5X1200MM	UN	135	60
805507	CORRENTE TOYAMA TC37558-68OR 1,5MM 34D	UN	130	60
804656	CHAVE GRIFO 12POL CHAVE GRIFO 12POL	UN	129,39	60
805404	LUVA EMENDA COMPRESSAO CABO DE AL 120MM2	UN	127,95	60
405473	CABO ELET CU 185MM2 90°XLPE 0,6/1KV	UN	127,89	60
403353	CABO ELET CU 150MM2 90°XLPE 0,6/1KV	M	126	60
401485	BRACO SUPORTE TIPO C 580X365MM 851/6	UN	161,68	60
801256	PERFIL U AC 76X900MM REDE COMPACTA	UN	125,56	60
408951	MOSTRADOR REMOTO RF MED STAR MEASURE	UN	123,94	60
803080	TINTA ESM SINTE AMARELO SEC RAP 3,6L	UN	123,92	60
403686	BARRA P/2 CAIXAS	UN	123	60
402592	MED EL 3E 4F 120V 120A GD B	UN	122	90
400973	PARA-RAIO DISTR POL 12KV 10KV	UN	120,79	60
802160	TINTA ESM SINT PT ACAB FOS AUT 3,6L	UN	120,7	60
805260	GRAMPO DE SUSPENSÃO PARA CABO 954 MCM MA	UN	120	60
805266	GRAMPO DE SUSPENSÃO PARA CABO 954 MCM MA	UN	120	60
804259	FITA ROTULADORA 12MM	UN	119,43	60
401213	SUPORTE TRANSF POSTE CIRC AC 255MM	UN	119,23	60
120366	CAPUZ DE SEGURANCA TIPO BALACLAVA	0	118,55	60
805443	CORDAO OPTICO SM 9/125 SC-PC/SC-PC 10M#	UN	116,73	60
803456	TERMINAL ELET 507MM2  COMP DUPLA	UN	116,5	90
803813	ALICATE DESENCAPADOR DE FIO	UN	116,4	60
802837	FAROLETE MAO CAPIVARA 12V CABO 5M	UN	116	60
403931	BRAÇO SUPORTE TIPO L HORIZONTAL  15 KV	UN	113,53	60
802303	BRAÇO SUPORTE TIPO L HORIZONTAL  15 KV	UN	113,53	60
805437	CORDAO OPTICO SM 9/125 LC-UPC/LC-UPC 10M	UN	110,25	60
400019	SUPORTE HORIZONTAL	UN	110	60
803744	CABECOTE MANOBRA CHAVES TRABALHO  ALTURA	UN	108,78	60
800959	PORTA-FUSIVEL 15KV 100A	UN	108	90
803245	CINTA POSTE DUPLO T ACO 230X125MM	UN	107,44	60
400908	MAO FRANCESA BECO AC 1970MM 45X45X45MM	UN	105,87	60
400011	SUPORTE TRANSF POSTE DUP T AC 210X115MM	UN	104,63	60
400030	SUPORTE AUXILIAR P/BRACO TIPO C	UN	104,41	60
803535	PARAFUSO OLHAL Æ 19X350MM PORCAS ARRUELA	UN	103,6	60
403875	PORTA-FUSIVEL 15KV 100A	UN	101,25	90
800705	ISOLADOR DISCO 152X140MM 60KV 4500KGF	UN	100,25	80
800434	CANTONEIRA C AC ABA IG 65X900MM 600DAN	UN	100	60
111352	CORRENTE FINA 3/8 STIHL MS210/250 PICCO	UN	100	60
400937	MED EL 2E 3F 120V 120A GD B	CJ	100	90
409791	ROLO DE PAPEL TERMICO PARA IMPRESSORA	UN	100	60
805526	VARETA SOLDA PARA 15% 1/16 1,60MM 46 CM	PEÇ	100	60
402081	CABO ELET CU 120MM2 90°XLPE 0,6/1KV	UN	98,69	60
800741	CABO ELET CU 120MM2 90°XLPE 0,6/1KV	UN	98,69	60
805191	VEDACAO EPDM 70 SHORE DISJ EDFSK1	UN	98,59	60
801314	EMENDA PREF COND AL 4/0AWG PT	UN	98	60
400252	TRAFO DE CORRENTE 0,6KV 600-5A 0,3C	UN	97,65	60
803816	BALDE DE LONA PARA IÇAR FERRAMENTAS	UN	96,64	60
110182	CARREGADOR DE PILHA BIVOLT	0	95,35	60
801376	SUPORTE TRANSF POSTE MAD AC 15-75KV	UN	94,71	60
802232	ALICATE UNIVERSAL 160MM C/ ISOLAMENTO	UN	93	60
404009	CABO AL CONCENTRICO 1F 1x16+16MM2	UN	5,13	90
402816	MED IN 3E 4F 120 240V 10A TB GD C	UN	1538,99	90
802247	LUVA EMENDA CABO ALUM 35MM COMP 90 MM	UN	91,6	60
804596	BATERIA SELADA 12V	UN	90	60
805230	CHAVE LOCAL REMOTO	M2	90	60
111596	CORRENTE FINA 3/8 STIHL MS-170/180 22DT	0	90	60
408291	CABO AL CONCENTRICO 2F 2X25+25MM2	PEÇ	15,28	90
800417	ARMACAO SEC PRESB 4EST 4,5MM ACO	UN	88,79	60
400594	CABO DE AÇO REVESTIDOS DE COBRE 35MM²	UN	87,75	60
803907	CABO DE AÇO REVESTIDOS DE COBRE 35MM²	UN	87,75	60
402875	SUPORTE TIPO T PARA CHAVE/PARA-RAIO	KG	86,75	60
801593	SUPORTE TIPO T PARA CHAVE/PARA-RAIO	KG	86,75	60
403656	CABO AL CONCENTRICO 3F 3X25+25MM2	UN	25,41	90
803344	CONECTOR PERFUR 50-185MM MED TENSAO 15KV	UN	86,62	90
801223	CONECTOR PARAL AL RETA 954MCM	M	86	90
400588	EMENDA PREF COND AL 4/0AWG AM 1295MM	UN	85,6	60
800337	EMENDA PREF COND AL 4/0AWG AM 1295MM	UN	85,6	60
401505	FIO ELETRICO NU CU 16MM2 MEIO DURO	UN	85	60
407815	SIRENE COM AUDIO E VOZ 12V 1,5A 115dB	UN	85	60
805444	CORDAO OPTICO SM 9/125 SC-PC/SC-PC 04M	UN	82,39	60
800869	FIO ELETRICO CU NU 16MM2 MEIO DURO	UN	81,7	60
800522	MAO FRANCESA BECO AC 1970MM 45X45X45MM	UN	81,22	60
401372	TERMINAL PRESSAO CU 120MM2 C/SAPATA	UN	80,8	90
805232	CHAVE GRIFO 14POL	UN	80	60
804016	CONJUNTO DE ASSISTENTES PARA SOLDAGEM 6P	UN	80	60
804670	FUSIVEL HH 1A 358C 52L MM	UN	80	60
111453	LIMA P/MOTOSERRA FINA 8X3/16P S/CABO	0	80	60
110960	LIMA P/MOTOSERRA GROSSA 8X7/32P S/CABO	UN	80	60
805531	MASCARA FACIAL PARA PINTURA C/ FILTRO	UN	80	60
800036	HASTE ATERRAMENTO PADRAO A 16X2400MM	UN	78,62	60
804002	CHAVE AJUSTAVEL AMERICANA DE 10	UN	77,56	60
803993	ALICATE REBITADOR PROFISSIONAL	UN	77,5	60
805264	CONECTOR PARALELO PARA CABO 795 MCM TERN	UN	76	90
409259	TERMINAL A COMP OLHAL BIMETALICO 185MM2	UN	74,8	45
402423	MED IN 3E 4F 67 120 240V 10A ACL D	UN	4592,96	90
403807	TERMINAL PRESSAO CU 95MM2 C/SAPATA	UN	74,2	90
803810	ALICATE DE CORTE DIAGONAL 6	UN	73,47	60
403579	CABO AL CONCENTRICO 3F 3X35+35MM2	PEÇ	36,49	90
800473	BRACO L A1010/1020 3/8P16P	UN	71,72	60
800836	CONECTOR T AL 954 MCM	UN	71,28	90
404234	MODULO DE COMUNICACAO REMOTA	UN	1493,7	60
404740	CONECTOR PERF 15KV 35-70 / 35-70MM2	UN	70,81	90
805530	CAIXA DE SOM PARA PC USB	M	70	60
801720	DISPOSITIVO ANTI-QUEDA CARTUCHO	UN	70	60
805245	ESCOVA CIRCULAR TRANCADA EM ACO EN1083-2	UN	70	60
805254	JOGO SACA PINO PARALELO	UN	70	60
804437	SUGADOR DE SOLDA COM PROTECAO DE BICO	UN	69,75	60
400359	ALCA PREFORM ESTAI 3/8P 9,5MM 889MM	UN	25,74	60
404183	PARAFUSO AUTO BROCANTE 14 X 1" CHAV. 3/8	UN	0,55	60
407057	TRILHO ORGANIZADOR CABOS/SERVIDOR	UN	69	60
404741	CONECTOR PERF 15KV 35-70/6,1MM ESTRIBO	UN	68,87	90
804337	CONECTOR PERF 15KV 35-70/6,1MM ESTRIBO	UN	68,87	90
804118	LUVA DE EMENDA CABO ISOLADO 500MM²	UN	68,34	60
402221	ARMACAO SEC PRESB 4EST 4,5MM ACO	UN	67,99	60
803142	TERCADO COM CABO DE MADEIRA 28 (70CM)	UN	67,31	60
402307	CONECTOR PERF 4 SAÍDAS 25-240MM2/1,5-35M	UN	67,06	90
402299	CONECTOR PERF AL 70-150MM2 / 1,5-35MM2	UN	67,06	90
404054	CINTA POSTE CIRC ACO 380MM	UN	66,1	60
804487	CONECTOR PARALELO 266,8 PARTRIDGE	UN	66	90
400972	PARAFUSO OLH AC 5/8P 800MM	UN	65,8	60
800965	PARAFUSO OLH AC 5/8P 800MM	UN	65,8	60
403666	CINTA POSTE CIRC ACO 365MM	UN	65,78	60
802992	CINTA POSTE CIRC ACO 365MM	UN	65,78	60
800839	GRAMPO ANCOR PAS AL 4/0AWG~636MCM	-	65,7	60
402105	CONECTOR AUTO PERF DU 70-240 / 70-240MM2	UN	65	90
800872	CONECTOR AUTO PERF DU 70-240 / 70-240MM2	UN	65	90
801240	CONECTOR PERF AL 25-185MM2 / 1,5-35MM2	UN	64,6	90
403852	CABO AL CONCENTRICO 3F 3X70+70MM2	UN	64,4	90
407094	SEALTUBO 1.1/2 FLEX ESP. AÇO CAPA PVC	UN	63,36	60
803083	DISSOLVENTE THINNER 5L	UN	63	60
803151	SUPORTE AUXILIAR P/BRACO TIPO C	UN	62,91	60
400078	TRAFO CRTE 15KV; 300-5A; 0,3C12,5 BARRA	UN	62,15	60
800105	MANILHA AC 16MM 80MM 22MM 13500DAN	JG	61,76	90
801664	ARMACAO SEC PRESB 3EST 4,5MM ACO	UN	61	60
402251	EMENDA PREF COND AL 300MCM 336,4MCM	UN	60,99	60
402824	MED EL 1E 2F 120V 100A GD B	UN	60	90
402275	CABO ELET BT 1X95MM2 0,6/1KV COBRE XLPE	M	59,8	60
804660	ADAPTADOR SOQUETE 1/4""1/2""1/8"" 50MM	UN	58,38	60
401803	CINTA POSTE CIRC ACO 340MM	UN	58,18	60
800260	CINTA POSTE CIRC ACO 340MM	UN	58,18	60
403574	CABO AL CONCENTRICO 3F 3X95+95MM2	UN	57,96	90
404508	FERRO SOLDA  220 V PONTA TRATADA 60W	M	57,8	60
804556	JOGO CHAVES  ALLEN TIPO CANIVETE 09 PCS	UN	57,64	60
800341	GRAMPO ANCOR CUNHA AL 185MM2 400DAN	UN	57,6	60
800360	GRAMPO ANCOR CUNHA AL 50MM2 400DAN	KG	57,6	60
400889	HASTE ANCORA AC 2400MM 16MM	KG	57,38	60
401575	CONECTOR PERF 15KV 50-185MM2 / 50-185MM2	UN	57,22	90
400733	CABO ELET BT 70MM2 CU PVC PT 0,6/1KV	UN	56,98	60
800426	CABO ELET BT 70MM2 CU PVC PT 0,6/1KV	UN	56,98	60
400487	CABO  MULT 3X120+1X120MM² XLPE 0,6/1 KV	UN	56,94	60
110384	ALICATE UNIV 8P ACR FORJ	UN	55,48	60
110101	BALDE LONA IMPERM N10 30KG	0	55,29	60
409376	CAIXA PARA MEDIDOR POLIFASICA VIS. VIDRO	M	55	60
401562	CONECTOR GRAM LV CU 6AWG-4/0(DESATIVADO)	UN	54,86	90
802238	CABO  MULT 3X120+1X120MM² XLPE 0,6/1 KV	UN	54,8	60
802141	FITA ISOL ELET 19MMX20M 0,19MM AZ	PEÇ	54	60
802158	FITA ISOL ELET 19MMX20M 0,19MM BR	PEÇ	54	60
802138	FITA ISOL ELET 19MMX20M 0,19MM VM	PEÇ	54	60
404072	CANTONEIRA C AC ABA IG 65X900MM 600DAN	UN	53,53	60
800304	CONECTOR T AL 477MCM	UN	53,42	90
800263	CINTA POSTE CIRC ACO 320MM	UN	52,7	60
402202	CINTA POSTE CIRC ACO 250MM	UN	52,6	60
800431	CINTA POSTE CIRC ACO 250MM	UN	52,6	60
400446	CINTA POSTE CIRC ACO 300MM	UN	52,15	60
803814	ALICATE UNIVERSAL 8	UN	51,38	60
804548	JOGO CHAVE FENDA 7P 1/8X3 A 5/16X6	UN	51,25	60
400344	CINTA POSTE ACO 290MM	UN	51	60
801202	CINTA POSTE ACO 290MM	UN	51	60
409696	CABO MULT 3X120+1X95MM² XLPE 0,6/1 KV	M	50,7	60
401608	PARA-RAIO DISTRIB POL 280V 10KA ISOL	UN	50,42	60
404745	CHAVE FIM DE  CURSO METALTEX FM 1307	UN	50,16	60
805520	CONECTOR TERMINAL RETO	UN	50	90
805518	CONECTOR TERMINAL RETO LIGAÇAO	UN	50	90
804470	ESTICADOR BRAZO CABO 2/0 A 336,4	M	50	60
800671	SUPORTE TRANSF POSTE CIRC AC 220MM	KG	49,34	60
805458	SILICA-GEL DESSEC 4 A 8MM AZUL	UN	48,87	60
402152	CABO ELET CU 95MM2 90°XLPE 0,6/1KV	M	72,33	30
800269	CONECTOR EMENDA RETA 477MCM	UN	48,12	90
120226	FITA SINAL LJ 30M ATENC AFASTE-SE PERIGO	0	48	60
402318	CABO  MULT 3X120+1X70MM² XLPE 0,6/1 KV	UN	47,31	60
800058	CABO  MULT 3X120+1X70MM² XLPE 0,6/1 KV	UN	47,31	60
400512	CONECTOR DER CUNHA AL 1/0AWG 336,4MCM	UN	47,16	90
403954	CABO AL CONCENTRICO 3F 3X50+50MM2	UN	47	90
801210	CINTA POSTE CIRC ACO 300MM	UN	46,81	60
800436	CINTA POSTE CIRC ACO 240MM	UN	46,35	60
400851	EMENDA PREF COND AL 2/0 AWG 1016MM	UN	46,28	60
803367	EMENDA PREF COND AL 2/0 AWG 1016MM	UN	46,28	60
409258	TERMINAL A COMP OLHAL BIMETALICO 150MM2	UN	46,1	45
801077	CINTA POSTE CIRC ACO 270MM	UN	46,09	60
803920	COLA INSTANT P/ BORRACHA NITRÍLICA 100 G	UN	45,79	60
800511	SUPORTE HORIZONTAL	UN	45,54	60
401116	ISOLADOR ANCOR POLIM 15KV 5000DAN	KG	45	80
800515	ISOLADOR ANCOR POLIM 15KV 5000DAN	KG	45	80
800503	GRAMPO SUSPENSAO AL MONOARTIC CAA 477MCM	TON	44,6	60
402712	CINTA POSTE CIRC ACO 265MM	UN	44,08	60
803378	CINTA POSTE CIRC ACO 265MM	UN	44,08	60
801267	SUPORTE TRANSF POSTE CIRC AC 240MM	UN	43,93	60
800982	PARAFUSO OLHAL AC 5/8P 20P	UN	43,22	60
402955	CINTA POSTE CIRC ACO 210MM	UN	42,9	60
400855	EMENDA PREF COND AL 1/0 AWG 965MM	UN	42,55	60
803368	EMENDA PREF COND AL 1/0 AWG 965MM	UN	42,55	60
110029	MALETA FERRAM AC 5GAV RODA 605X200X390MM	0	42,04	60
803593	DPS CLASSE II VCL SLIM - 15KA - 275V	UN	42	60
402026	CINTA POSTE CIRC ACO 230MM	UN	41,46	60
400496	CINTA POSTE CIRC ACO 240MM	UN	40,83	60
409257	TERMINAL A COMP OLHAL BIMETALICO 120MM2	UN	40,65	90
805219	CHAVE CANHAO SEXTAVADA T, 210X19MM	UN	40	60
800345	GANCHO OLHAL AC 17MM 7000KGF	UN	39,15	60
803339	CINTA POSTE CIRC ACO 210MM	UN	38,75	60
803968	TINTA ESMALTE SINTÉTICO 900 ML PRETO N 1	UN	38,46	60
800369	CINTA POSTE CIRC ACO 200MM	UN	38,4	60
800557	CONECTOR DER CUNHA ESTRIBO 336,4 MCM	UN	37,8	90
402185	CONECTOR DER CUNHA ESTRIBO 336,4 MCM	UN	37,68	90
803444	ESPUMA EXPANSIVA 500 ML POLIURETANO PU	PEÇ	37,61	60
401763	PARAFUSO OLH AC 5/8P 650MM	UN	37,61	60
800528	PARAFUSO OLH AC 5/8P 650MM	UN	37,61	60
400708	CABO ELETR 15KV AL PROT XLPE 50MM2 1F MT	M	7,6	60
401264	PINO ISOLADOR AC 25X294X19MM	UN	36,17	60
801232	CONECTOR CUNHA AM AL 336,4MCM 336,4MCM	UN	36,08	90
402331	BRACO C/GRAMPO SUSPE SECU 500DAN	UN	36	60
400474	CABO  MULT 3X70+1X70 MM² XLPE 0,6/1 KV	UN	36	60
805342	CABO ELET CU 35MM2 PR FLEXIVEL 750V	M	36	60
805343	CABO ELET CU 35MM2 VD FLEXIVEL 750V	M	36	60
805341	CABO ELET CU 35MM2 VERM FLEXIVEL 750V	UN	36	60
800676	CABO  MULT 3X95+1X70MM² XLPE 0,6/1 KV	UN	35,88	60
400193	PARAFUSO OLHAL AC 5/8P 20P	UN	35,7	60
801044	CINTA POSTE CIRC ACO 190MM	UN	35,42	60
805262	CABO CONDUTOR 266 MCM PARTRIDGE	UN	35	60
401576	CINTA POSTE CIRC ACO 220MM	UN	35	60
800371	CINTA POSTE CIRC ACO 150MM	UN	34,42	60
400828	CONECTOR DER CUNHA AM AL 4/0AWG 336,4MCM	UN	34,33	90
804663	CABO AL CONCENTRICO 3F 3X50+50MM2	UN	34,25	90
803148	CONECTOR CUNHA C/ESTRIBO 95-120MM2 2 AWG	UN	34,22	90
402714	CONECTOR CUNHA C/ESTRIBO 95-120MM2 2 AWG	UN	34,13	90
401892	CINTA POSTE CIRC ACO 200MM	UN	33,33	60
801615	CABECOTE MANOBRA C/ENCAIXE UNIV ME-U	UN	33	60
801237	CINTA POSTE CIRC ACO 140MM	UN	32,99	60
803076	DESENGRAXANTE LIQUI CONCENTRADO 5L	UN	32,82	60
400478	CINTA POSTE CIRC ACO 190MM	UN	32,44	60
804459	ALICATE UNIVERSAL 8"" ISOLADO P/ 600V	UN	32,37	60
801313	PINO ISOLADOR AC 25X294X19MM	UN	32,06	60
804642	CABO AL CONCENTRICO 3F 3X35+35MM2	PEÇ	32,02	90
410176	CAIXA DE PROTEÇÃO DA BUCHA 600X209X160	UN	3,5	60
401471	CONECTOR CUN ESTRIBO 1/0 2/0AWG C/ CARTU	UN	31,94	90
801125	CONECTOR CUN ESTRIBO 1/0 2/0AWG C/ CARTU	UN	31,94	90
402587	FITA ISOL EPR 0,76X19MM 10M PT	PEÇ	31,2	60
800344	FITA ISOL EPR 0,76X19MM 10M PT	PEÇ	31,2	60
403371	DISJUNTOR 3P 127/220V 400VCA 40A	UN	30,81	60
401857	CHAVE FUSIVEL DIST 15KV 100A/10KA PORC	UN	380	60
800327	CORDOALHA AC 6,3MM 1/4P 7F	UN	30,79	60
803637	BROCA 12MM PARA FERRO	UN	30,72	60
403770	PRENSA CABO 1.1/2P AL C/BUCHA NEOP NPT	UN	30,7	60
400790	CONECTOR ATERR REFORÇ HAST/CAB 5/8-35MM2	UN	18,86	90
801164	PINO ISOLADOR POLIMERICO AC 15KV 200MM	UN	30,54	60
801206	GANCHO SUSP OLHAL AC 18MM 11000KGF	UN	30,19	60
401886	CABO AL NU C/ALMA ACO CAA-2AWG SPAROW	UN	30	60
805346	CABO ELETR CU 25MM2 PR FLEXIVEL 750V	M	30	60
805532	CARTUCHO QUIM 6003 VAPORES ORG E GASES A	UN	30	60
805244	ESCOVA DE ACO CIRCULAR P/ ESMERILHADEIRA	UN	30	60
401403	CINTA POSTE CIRC ACO 160MM	UN	29,98	60
400164	MANILHA SAPATILHA 6800KGF	UN	29,97	90
400506	CONECTOR DER CU 13-34MM2	UN	7,91	90
803452	ESPACADOR LOSANG CLASSE 15KV C/ GARRAS	UN	29,92	60
402448	PARAFUSO OLH AC 5/8P 24P	UN	29,89	60
801225	PARAFUSO OLH AC 5/8P 24P	UN	29,89	60
801098	ESTRIBO C/CONEC CUNHA 120-185MM2	UN	29,8	90
803659	CORDOALHA AC 7,94MM 5/16P 7F (EHS)	UN	29,69	60
800266	CINTA POSTE CIRC ACO 230MM	UN	29,44	60
402397	CABO ELET NU CA 1/0AWG 53,5 MM2 POPPY	M	29	60
801079	CABO ELET NU CA 1/0AWG 53,5 MM2 POPPY	M	29	60
800059	CABO ELET NU CA 336,4MCM 170MM2 TULIP	M	29	60
803176	PARAFUSO AUTO BROCANTE 14 X 1" CHAV. 3/8	UN	0,55	60
400460	CABO ELET NU CA AL 2/0AWG 67,40MM2 ASTER	M	29	60
400434	CABO ELET NU CA AL 2AWG 33,54MM2 IRIS	M	29	60
800031	CABO ELET NU CA AL 2AWG 33,54MM2 IRIS	M	29	60
400603	CABO NU CA AL 4/0 AWG 7X4,417MM OXLIP	M	29	60
800682	CABO NU CA AL 4/0 AWG 7X4,417MM OXLIP	M	29	60
801049	CINTA POSTE CIRC ACO 125MM	UN	28,95	60
401856	CONECTOR PARAL AL 1/0-4/0AWG ET-ELB	M	28,67	90
800889	CONECTOR PARAL AL 4/0AWG 1/0AWG	M	28,67	90
400951	PARAFUSO MAQ CAB QD AC 5/8X24P	UN	28,61	60
800536	PARAFUSO MAQ CAB QD AC 5/8X24P	UN	28,61	60
801346	CINTA POSTE CIRC ACO 220MM	UN	28,16	60
802130	BATERIA MED. 1/2AA 3,6V 1,2AH S/T	UN	28	60
401935	PINO ISOLADOR POLIMERICO AC 15KV 145MM	UN	26,58	60
805345	CABO ELET CU 25MM2 AZUL FLEXIVEL 750V	UN	28	60
805344	CABO ELET CU 25MM2 VERM FLEXIVEL 750V	M	28	60
410030	CABO ELET CU VD 25MM FLEX 750V	M	28	60
401692	PARAFUSO OLH AC 16MM 5/8P 475MM	UN	27,97	60
800530	PARAFUSO OLH AC 16MM 5/8P 475MM	UN	27,97	60
400473	CABO  MULT 3X50+1X50MM² XLPE 0,6/1 KV	UN	27,82	60
803324	CONECTOR ATERR 35 A 95MM2	UN	27,8	90
801066	PINO ISOLADOR POLIMERICO AC 15KV 145MM	UN	26,58	60
401451	CONECTOR CUNHA ESTRIBO 1/0 2/0 4/0 AWG	UN	27,58	90
800874	GRAMPO ANCOR CUNHA AL 170MM2 400DAN	UN	27,15	60
401711	ISOLADOR PINO PORC 15KV 102MM 1350KGF	UN	27	80
407125	TERMINAL COMP OLHAL BIMETÁLICO 70MM2	UN	26,95	90
804645	ELETRODO ALUMÍNIO 6013 2,5MM	UN	26,62	60
408159	POSTE CONC ARM DUPL T 12M 300KGF	UN	2068,39	45
402533	POSTE CONC DUPL T 11/1000	UN	3565,86	45
800145	CABO ELÉTRICO CU 35MM AZUL FLEXIVEL 750V	M	26,5	60
401783	ARMACAO SEC PRESB 2EST 4,5MM ACO	UN	26,35	60
800423	ARMACAO SEC PRESB 2EST 4,5MM ACO	UN	26,35	60
802203	FITA ISOL ELET 19MMX20M 0,19MM VD	PEÇ	26,23	60
401552	CONECTOR CUNHA CA 336 MCM CA 4/0 AWG	UN	26,22	90
801311	CONECTOR DER CUNHA AM AL 4/0AWG 336,4MCM	UN	26,06	90
401834	CONECTOR PARAL AL 10AWG-1/0AWG	M	10,37	90
800100	ISOLADOR PINO PORC 15KV 102MM 1350KGF	UN	25,5	80
401566	CONECTOR PARAL AL 4/0AWG 1/0AWG	M	18,69	90
407128	TERMINAL COMP OLHAL BIMETÁLICO 95MM2	UN	25,35	90
404071	CONECTOR PERF 50-185MM2 15KV COM ESTRIBO	UN	157,44	90
804421	ISOLADOR PINO, POLIMERICO COM TRAVAS	UN	25,24	80
400534	CONECTOR CU PARAF FEND CAB ATERR 10-95MM	UN	25,03	90
801011	CONECTOR CU PARAF FEND CAB ATERR 10-95MM	UN	25,03	90
805388	BAT. RECARREGAVEL 18650 3.7v 2200MAH	UN	25	60
400730	CABO ELET 15KV AL PROT XLPE 185MM2 1F MT	M	25	60
805401	CABO ELET BT 2X10MM2 0,6/1kV	M	25	60
805492	CHICOTE DE 2 VIAS FIO 4MM	PEÇ	25	60
110841	ELETRODO 6013 OK SERRAL 3,5MM	0	25	60
803643	FLUXO PARA SOLDA DE PRATA 250G	UN	25	60
801081	MANILHA SAPATILHA 6800KGF	UN	24,99	90
401888	CONECTOR DER CUNHA ESTRIBO 4/0AWG	UN	24,58	90
800876	CONECTOR DER CUNHA ESTRIBO 4/0AWG	UN	24,58	90
800052	CABO NU AL CAA 4/0 AWG 107MM2 PEGUIN	M	24,5	60
804026	LANTERNA DE LED COM BASE MAGNÉTICA	PEÇ	24,3	60
401559	CINTA POSTE CIRC ACO 140MM	UN	24,03	60
803921	CORDÃO BORRACHA NITRILICA 12,7MM COM ABA	UN	24	60
801061	CONECTOR CUNHA CA 336 MCM CA 4/0 AWG	UN	23,96	90
802166	LUBRIFICANTE ANTICORROSIVO SPRAY 300ML	UN	23,8	60
407127	TERMINAL COMP OLHAL BIMETÁLICO 50MM2	UN	23,75	90
404157	PLACA PVC 1MM  DIMENSÃO 250MMX180MM	UN	23,5	60
400655	GRAMPO ANCOR CUNHA AL 185MM2 400DAN	UN	23	60
804639	CABO AL CONCENTRICO 3F 3X25+25MM2	UN	22,88	90
400665	GRAMPO ANCOR CUNHA AL 50MM2 400DAN	KG	22,86	60
408995	GRAMPO ANCOR UNIVERSAL 35MM2 A 185MM2	UN	22,86	60
804422	GRAMPO ANCOR UNIVERSAL 35MM2 A 185MM2	UN	22,86	60
800779	ALCA PREFORM DIST CAA 336,4MCM VERDE	UN	22,74	60
800448	CONECTOR DER CUNHA ESTR AL 336,4MCM 2AWG	UN	22,48	90
402374	GRAMPO ANCOR CUNHA AL 35MM2 400DAN	UN	22,48	60
401017	SUPORTE Z AC REDE COMPACTA 400 DAN	UN	22,44	60
400910	ISOLADOR DISCO 152X140MM 60KV 4500KGF	UN	22,4	80
405537	CONECTOR PERF PRINC 16-120 DER 4-36 2AMP	UN	48,78	90
800392	FIXADOR PERFIL U AC 150DAN 300DAN	UN	22,36	60
800963	PARAFUSO CAB QD MAQ AC 5/8X20P	UN	22,15	60
401239	PARAFUSO CAB QD AC 16MM 450MM	UN	22,05	60
800922	PARAFUSO CAB QD AC 16MM 450MM	UN	22,05	60
800822	CONECTOR CUNHA ESTRIBO 1/0 2/0 4/0 AWG	UN	22,04	90
404732	CONECTOR PERFUR 50-185MM MED TENSAO 15KV	UN	86,62	90
403121	FITA ISOLANTE ELET PVC 19X0,19MM 20M PT	UN	21,63	60
800842	ALCA PREFORM ESTAI 3/8P 9,5MM 889MM	UN	21,59	60
402365	CONECTOR DER AL 1/0-4/0AWG 1/0-4/0AWG	UN	21,5	90
802167	SELANTE ADESIVO SIL INC 300ML	UN	21,36	60
402882	SUPORTE TRIANG CHAVE FACA 235X202X80MM	UN	21,32	60
803078	ROLO PINTURA  LA  23CM	PEÇ	21,24	60
402160	PARAFUSO OLH AC 16MM 450MM	UN	21,22	60
800041	CABO  MULT 3X50+1X50MM² XLPE 0,6/1 KV	UN	21,05	60
401036	CORDOALHA AC 9,5MM 3/8P 7F 4900DAN	UN	20,95	60
801316	CORDOALHA AC 9,5MM 3/8P 7F 4900DAN	UN	20,95	60
800499	MAO-FRANCESA NORMAL AC 710X32X6,5MM	UN	20,91	60
401823	CORDOALHA AC 6,3MM 1/4P 7F	UN	30,79	60
800496	MANILHA SAPATILHA 5000DAN	UN	20,69	90
403204	CABO COMANDO/CONTR 7X2,5MM2 0,6/1KV SBE	PEÇ	20,6	60
401908	CABO ELET NU CA 336,4MCM 170MM2 TULIP	M	20,51	60
800966	PARAFUSO OLH AC 16MM 450MM	UN	20,45	60
804031	TRENA DE BOLSO DE 5M	UN	20,31	60
402120	ALCA PREFORM DIST CAA 336,4MCM VERDE	UN	20,09	60
804025	LAMINA PARA ARCO DE SERRA DE 12 POL	UN	20,05	60
805427	 FITA TEFLON 18MMX50M	JG	20	60
804455	CHAVE FENDA PONTA CHATA ACO 6X100MM	UN	20	60
805525	DISCO DESBASTE 115X22MM FLAP GRAO 60	UN	20	60
402526	POSTE CONC DUPL T 13/400	UN	2080,5	45
402624	POSTE CONC DUPL T 13/600	UN	3125,5	45
800520	PARAFUSO CAB QD MAQ AC 5/8X16P	UN	20	60
406768	PORCA GAIOLA M5 METALICA/BICROMATIZADA	M2	20	60
401155	PARAFUSO CAB QD AC 16MM 500MM	UN	19,99	60
800118	PARAFUSO CAB QD AC 16MM 500MM	UN	19,99	60
401574	BRACO ANTIBALANCO PA PT 15KV 320MM	UN	19,95	60
800254	BRACO ANTIBALANCO PA PT 15KV 320MM	UN	19,95	60
400694	CABO ELETR 0,6/1KV CU PVC 25MM2 BT	M	19,93	60
410155	CX BLIND P/ CONEXAO C/ ABERT INTEL	UN	200	60
407126	TERMINAL COMP OLHAL BIMETÁLICO 35MM2	UN	19,8	90
804659	ELETRODO 7018 2,5MM ACO CARBONICO	UN	19,76	60
804499	DETERGENTE 5L	UN	19,28	60
402247	CINTA POSTE CIRC ACO 320MM	UN	19,16	60
803996	CADEADO 30MMx33MMx15MM	KG	19,11	60
401706	PARAFUSO CAB QD AC 16MM 2P 350MM	UN	19	60
801391	PARAFUSO CAB QD AC 16MM 2P 350MM	UN	19	60
410152	CX BLIND P/ MED BI C/ ABERT INTEL	UN	900	60
800054	CONECTOR ATERR REFORÇ HAST/CAB 5/8-35MM2	UN	18,86	90
410147	CX BLIND P/ MED MONO C/ ABERT INTEL	UN	250	60
405539	CONECTOR PERF PRINC 16-120 DER 4-36 1AMP	UN	18,3	90
800348	GRAMPO ANCOR CUNHA AL 35MM2 400DAN	UN	18,18	60
410153	CX BLIND P/ MED TRI C/ ABERT INTEL	UN	350	60
404084	ESPACADOR LOSANG CLASSE 15KV C/ GARRAS	UN	29,92	60
805501	CABO ELET FLEXIVEL 3X6MM2 PRETO 0,6/1KV	M	18	60
805508	CORRENTE 3/8 1.1MM 22 DNT HT/135	UN	18	60
404622	CONECTOR PARAFUSO FENDIDO KS-26	M	17,98	90
803196	CONECTOR FIBRA OPTICA CLICK  POF 2,2MM	UN	17,91	90
409260	TERMINAL A COMP PARA BORNE PINO 95MM	UN	17,5	45
801161	SUPORTE Z AC REDE COMPACTA 400 DAN	UN	16,75	60
403843	CABO AL CONCENTRICO 3F 3X16+16MM2	UN	16,61	90
408165	POSTE CONCRETO ARM TRON CON 12M 300KGF	CX	2679,53	45
801379	SELA CRUZETA POSTE AC 115MM 18MM	UN	16,5	60
800852	FITA ISOLANTE ELET PVC 19X0,19MM 20M PT	UN	16,4	60
403390	PRENSA CABO PVC 1P	PEÇ	16,33	60
801304	CINTA POSTE CIRC ACO 160MM	UN	16,23	60
400484	CINTA POSTE CIRC ACO 280MM	UN	16,03	60
803084	ROLO PINTURA PELO DE CARNEIRO  150MM	UN	15,96	60
805478	SEPARADOR FASE BT  4/0 AWG 700 MM	PAR	15,59	60
409963	SEPARADOR FASE BT 4/0 AWG 700 MM	UN	15,59	60
802145	LIMPA CONTATO SPRAY 300ML	UN	15,51	60
402065	CINTA POSTE CIRC ACO 180MM	UN	15,48	60
800848	ELO FUSIVEL BOTAO DISTRIB K 100A 500MM	PEÇ	15,48	60
410212	FITA AUTOADESIVA BLINDAGEM 10cmX10m	-	32	60
801186	OLHAL PARAFUSO AC 16MM 5000DAN	UN	15,35	60
402287	ARMACAO SEC PRESB 1EST 4,2MM ACO	UN	15,31	60
404719	FIXADOR PERFIL U AC 150DAN 300DAN	UN	22,36	60
804638	CABO AL CONCENTRICO 2F 2X25+25MM2	PEÇ	15,05	90
402155	CONECTOR DER CUNHA AL 2AWG 336,4MCM	UN	15,05	90
403830	ALCA PREFORM CABO CONC 3X50 + 50	UN	15,03	60
409738	ANTENA 4G/GSM 5BAND 8DBI SMA-M	UN	15	60
400318	CONECTOR AUTO PERF 50-120/4-35MM2	UN	15	90
407169	DISCO CORTE 4.1/2x1/16x7/8	UN	15	60
409790	FILTRO DE TEFLON	UN	15	60
803028	LUVA EMENDA COMPR COBRE NU 95MM	UN	15	60
408161	POSTE CONCRETO ARM TRON CON 12M 600KGF	UN	3050,08	45
804453	PRANCHETA MAD COMP C/PREND MET 230X340M	UN	15	60
800129	CABO ELETR 0,6/1KV CU PVC 25MM2 BT	M	14,9	60
800435	CINTA POSTE CIRC ACO 180MM	UN	14,83	60
803499	BROCA ACO PARA METAL  10MM2	UN	14,7	60
402333	CABO ELET QUAD 3X1X50+1X50MM2 0,6/1KV	M	14,6	60
401786	CABO  MULT 3X35+1X35 MM² XLPE 0,6/1 KV	UN	14,57	60
800750	CABO  MULT 3X35+1X35 MM² XLPE 0,6/1 KV	UN	14,57	60
801068	CONECTOR PERF AL 35-150MM2 / 35-150MM2	UN	14,51	90
402296	GANCHO OLHAL AC 17MM 5000KGF	UN	11,73	60
400142	GRAMPO LV OLHAL 18MM 10-120/10-70MM2	UN	69,1	60
800202	ELO FUSIVEL BOTAO K 80A 500MM	UN	14,43	60
401465	CONECTOR PERF AL 16-120MM2 / 16-120MM2	UN	14,33	45
403675	ALCA PREFORM CABO CONC  3X25 + 25	UN	13,85	60
801635	ELO FUSIVEL BOTAO K 65A 500MM	UN	13,83	60
800228	ALCA PREFORM DIST CAA/CA 1/0AWG 50MM2	UN	13,79	60
403306	MARCADOR IND PLAS 60ML MET ESF 3MM AM	UN	13,79	60
802178	MARCADOR IND PLAS 60ML MET ESF 3MM AM	UN	13,79	60
404287	PARAFUSO CAB SXT COBRE ESTANHADO 12X45MM	UN	13,77	60
403642	CABO AL CONCENTRICO 2F 2X16+16MM2	UN	13,68	90
803156	CONECTOR DERIV CUNHA 336,4MCM 1/0AWGM	UN	13,62	90
802245	SEPARADOR FASE BT  4/0 AWG 700 MM	PAR	13,6	60
800291	CONECTOR DER CUNHA AL 1/0AWG 4/0AWG	UN	13,49	90
402373	ESTRIBO BRACO L-EST-01 FOFO 200DAN	UN	13,47	60
800352	ESTRIBO BRACO L-EST-01 FOFO 200DAN	UN	13,47	60
400375	ALCA PREFORM DIST CAA/CA 2/0AWG 70MM2	UN	13,38	60
800808	ALCA PREFORM DIST CAA/CA 2/0AWG 70MM2	UN	13,38	60
400192	PARAFUSO CAB QD AC 16MM 250MM	UN	13,12	60
800929	PARAFUSO CAB QD AC 16MM 250MM	UN	13,12	60
803498	BROCA ACO PARA METAL  8MM2	UN	13,1	60
800813	CONECTOR DER CUNH AZ AL 2/0 4/0 336,4MCM	UN	13,08	90
801522	ELO FUSIVEL BOTAO K 80A 500MM	UN	13,05	60
110719	PRANCHETA PORT ACR FUME 230X340X3MM	0	13,03	60
400347	CABO COMANDO/CONTR 4X1,5MM2 0,6/1KV SBE	UN	13	60
400821	CABO ELET 15KV AL PROT XLPE 120MM2 1F MT	M	12,92	60
801178	ARMACAO SEC PRESB 1EST 4,2MM ACO	UN	12,78	60
804633	CABO AL CONCENTRICO 2F 2X16+16MM2	UN	12,63	90
403593	ALCA PREFORM CABO CONC 3X70 + 50	SAC	12,6	60
403515	ABRACADEIRA BAP 3 1200MMX381MM PARAF	UN	12,55	60
112068	BLOCO COLORIDO PARA RECADO	0	12,34	60
804640	CABO AL CONCENTRICO 3F 3X16+16MM2	UN	12,3	90
801213	CONECTOR CUNHA AL 1/0;2 AWG 1/0;2/0AWG	UN	12,27	90
800274	CONECTOR CUNHA DE AL 2/0 (1/0) AWG	UN	12,27	90
800521	PARAFUSO CAB QD 16X400MM AC	UN	12,22	60
400340	ESPACADOR MONOFAS COM GARRA 15KV	UN	12,21	60
402404	CONECTOR CUNHA LIGA AL AZ 120MM2 4/0AWG	UN	12,15	90
800884	CONECTOR CUNHA LIGA AL AZ 120MM2 4/0AWG	UN	12,15	90
802858	CONECTOR DER CUNHA AZ AL 336,4MCM 1/0AWG	UN	12,1	90
400545	CONECTOR PARAF FEND DER CU 2,5-70MM²	M	12,07	90
800364	CONECTOR PARAF FEND DER CU 2,5-70MM²	M	12,07	90
400906	HASTE ATERRAMENTO CI AC 14,3X2438MM	UN	91,6	90
403641	ALCA PREFORM CABO CONC  3X16 + 16	UN	12	60
805497	CABO COMANDO/CONTR 6X1,5MM2 0,6/1KV SBE	UN	12	60
800119	PARAFUSO CAB QD AC 16MM 225MM 300MM	UN	11,98	60
400111	ISOLADOR CAST PORC 13,8KV 90MM 3400DAN	M	11,92	80
800630	ISOLADOR CAST PORC 13,8KV 90MM 3400DAN	M	11,92	80
401686	PINO TOPO AC 25MM 389MM 2F 18X32MM	UN	11,9	60
803085	ROLO PINTURA PELO CARNEIRO 90MM C/ CABO	PEÇ	11,86	60
401191	TERMINAL COMPRESSAO OLHAL CU 240MM2	UN	11,8	90
408994	ISOLADOR PINO, POLIMERICO COM TRAVAS	UN	25,24	80
801087	GANCHO OLHAL AC 17MM 5000KGF	UN	11,73	60
800810	CABO ELET 15KV AL PROT XLPE 120MM2 1F MT	M	11,72	60
401414	CABO COMANDO/CONTR 2X1,5MM2 0,6/1KV SBE	UN	11,5	60
800595	LACO LATERAL DUPLO 4/0AWG	UN	11,46	60
402005	TERMINAL COMPRESSAO OLHAL 120MM2 1F	UN	11,45	90
801135	PINO TOPO AC 25MM 389MM 2F 18X32MM	UN	11,42	60
803086	TRINCHA COM CERDAS DE NYLON TAMANHO 3	UN	11,42	60
400366	ALCA PREFORM DIST 4/0 AWG 120MM2	UN	11,3	60
801199	ALCA PREFORM DIST 4/0 AWG 120MM2	UN	11,3	60
401438	CINTA POSTE CIRC ACO 270MM	UN	11,29	60
800877	CONECTOR T AL 477MCM 954MCM	UN	11,18	90
800592	CONECTOR PERF AL 16-120MM2 /16-120MM2	UN	11,14	90
803443	PACOTE ESTOPA ALG ESP BR LIMP	UN	11,07	60
803102	BATERIA 9V	UN	11	60
402128	PARAFUSO CAB SXT LIGA AC 1/2X1.1/2P	UN	11	60
409373	TERMINAL PINO A COMP BORNE BIMETAL 70MM2	UN	11	90
403559	CONECTOR TIPO CUNHA  35MM  1/0 AWG	UN	10,85	90
403558	CONECTOR TIPO CUNHA  50MM  1/0 AWG	UN	10,83	90
802539	ESTILETE LARG 8MM	UN	10,78	60
402230	CONECTOR DER CUNHA AL 1/0AWG 4/0AWG	UN	10,74	90
402332	CINTA POSTE CIRC ACO 150MM	UN	10,6	60
401396	CABO  MULT 3X25+1X25 MM² XLPE 0,6/1 KV	UN	10,59	60
801189	CABO  MULT 3X25+1X25 MM² XLPE 0,6/1 KV	UN	10,59	60
401927	MANILHA SAPATILHA 5000DAN	UN	20,69	90
802405	ALCA PREFORM 6,4MM 1/4P AM 635MM	UN	10,58	60
804444	CHAVE PHILIPS 1/4 X 6  POLEGADAS	M2	10,53	60
400543	CONECTOR CUNHA AZ AL 336,4MCM 336,4MCM	UN	10,52	90
400228	POSTE CONCRETO CIRC 9M 300DAN	UN	2197,02	45
800999	CABO ELET BT 3X10MM2 0,6/1 KV	M	10,45	60
401117	MAO-FRANCESA NORMAL AC 710X32X6,5MM	UN	19,85	60
801373	CONECTOR PARAL AL 10AWG-1/0AWG	M	10,37	90
800272	CONECTOR CUNHA AZ AL 336,4MCM 336,4MCM	UN	10,35	90
800815	CONECTOR CUNHA AL 4/0 (4/0) AWG	CX	10,32	90
402672	ARAME GALV 14AWG	UN	10,31	60
401500	CONECTOR DER CUNHA AL 2/0AWG 4/0AWG	UN	10,1	90
800906	CONECTOR DER CUNHA AL 2/0AWG 4/0AWG	UN	10,1	90
402729	CONECTOR DERIV CUNHA AL 2/0AWG 4/0AWG	UN	10,1	90
110288	PILHA RECARREGAVEL PEQUENA AA	0	9,9	60
400518	CONECTOR  CUNHA AL 1/0;2 AWG 1/0;2/0AWG	UN	9,85	90
400505	CONECTOR CUNHA DE AL 2/0 (1/0) AWG	UN	9,85	90
404213	FIBRA OPTICA POF 2,2MM 100M	UN	9,68	60
803123	LAMINA SERRA ACO RAP 300X13MM 0,65MM 24D	UN	9,6	60
400793	CONECTOR PERF SIMP 6-35 / 6-35MM2	UN	9,48	90
400507	CONECTOR PARAL AL 10-2/0AWG (6-70MM2)	KG	9,31	90
801347	PARAFUSO CAB QD MAQ AC 5/8X8P	UN	9,31	60
804637	CABO AL CONCENTRICO 3F 3X10+10MM2	UN	9,28	90
400140	ISOLADOR RODL PORC 15KV 81X47MM 1350DAN	UN	9,27	80
800944	ISOLADOR RODL PORC 15KV 81X47MM 1350DAN	UN	9,27	80
403594	ALCA PREFORM CABO CONC  2X16 + 16	UN	9,24	60
401234	LACO PREF ROLD CA 1/0AWG LJ	UN	9,21	60
407336	CABO ELETR 15KV AL PROT XLPE 70MM2 1F MT	M	9,18	60
800372	CINTA POSTE CIRC ACO 280MM	UN	9,02	60
400316	CABO ELETR 0,6/1KV CU PVC 16MM2 BT	M	9	60
404223	TERMINAL PINO A COMP BORNE BIMETAL 50MM2	UN	9	90
402324	SELA CRUZETA POSTE AC 115MM 18MM	UN	8,94	60
401531	CABO ELET ISOL PVC PT 10MM2 0,6/1KV	M	8,88	60
804632	CABO AL CONCENTRICO 2F 2X10+10MM2	UN	8,78	90
802260	CONECTOR DER CUNHA 336MCM 2/0AWG	UN	8,74	90
400527	CONECTOR DER CUNHA AL 4-2AWG 2AWG	PEÇ	8,72	90
802892	LUVA EMENDA CB AL COB 50MM2	UN	8,65	60
800763	CABO ELET ISOL PVC PT 10MM2 0,6/1KV	M	8,61	60
801341	CABO ELETR 0,6/1KV CU PVC 16MM2 BT	M	8,3	60
800357	EMENDA PREF COND AL 2AWG 711MM	UN	8,26	60
401358	TERMINAL OLHAL COMP P/ CABO COBRE 95MM	UN	8,2	90
804398	ESTILETE 18 MM	UN	8,13	60
400492	CINTA POSTE CIRC ACO 170MM	UN	7,94	60
402312	OLHAL PARAFUSO AC 16MM 5000DAN	UN	15,35	60
801215	CONECTOR DER CU 13-34MM2	UN	7,91	90
401086	PARAFUSO CAB QD MAQ AC 5/8X6P	UN	7,84	60
801191	PARAFUSO CAB QD MAQ AC 5/8X6P	UN	7,84	60
110077	TESOURA MULTIUSO AI CABO PLAS 21CM	0	7,81	60
801216	ELO FUSIVEL BOTAO DISTRIB K 50A 500MM	UN	7,8	60
802142	FOLHA N/TEC FIB SINT S-ULT FIN 134X240MM	MWH	7,76	60
110091	COLA PLAST BR ACET POLIV	0	7,75	60
802860	CONECTOR DER CUNHA AZ AL 336,4MCM 2/0AWG	UN	7,73	90
110356	PASTA L PLAST AZ 31X22CM	0	7,72	60
400661	ELO FUSIVEL BOTAO DISTR K 40A 500MM	UN	7,66	60
410041	PARAFUSO AUTO BROC CONIC PHILIPS 4.2X25M	CJ	1,2	60
800775	CABO  MULT 2X25+1X25MM² XLPE 0,6/1 KV	UN	7,57	60
400307	FIXADOR PREFORMADO 6,4MM 1/4P AM 1219MM	PEÇ	7,52	60
800861	CINTA POSTE CIRC ACO 170MM	UN	7,51	60
400443	CABO  MULT 2X25+1X25MM² XLPE 0,6/1 KV	UN	7,43	60
800824	ELO FUSIVEL BOTAO DISTR K 40A 500MM	UN	7,35	60
401546	EMENDA PREF COND AL 2AWG 711MM	UN	7,11	60
402111	ELO FUSIVEL BOTAO DISTRIB UN K 8A 500MM	UN	7,05	60
800894	ELO FUSIVEL BOTAO DISTRIB UN K 8A 500MM	UN	7,05	60
800616	LACO LATERAL PREF CAA E CA 1/0AWG DUPLO	UN	6,97	60
800975	CABO  MULT 3X16+1X16MM² XLPE 0,6/1 KV	UN	6,9	60
401738	TERMINAL PRESSAO 185MM2	UN	6,84	90
800203	ELO FUSIVEL DISTRIB 30K 15KV 500MM	UN	6,81	60
804261	CORDA ESTATICA PA 12MM 2200KGF 48F	UN	6,8	60
110418	DISCO CORTE ACO 7P	0	6,8	60
402161	MANILHA AC 16MM 80MM 22MM 13500DAN	JG	6,77	90
800116	PARAFUSO CAB ABA AC 16MM 150MM	UN	6,65	60
110557	GRAMPO AC COB 26/6 CX 5000UN	0	6,5	60
800825	CONECTOR PARAL AL 1/0AWG	M	6,41	90
400806	ELO FUSIVEL DISTRIB 30K 15KV 500MM	UN	6,35	60
803646	PILHA MÉDIA ALCALINA TIPO C 1,5 V	UN	6,33	60
800294	CONECTOR PARAL AL 1/0-4/0AWG ET-ELB	M	6,31	90
800014	TERMINAL COMPRESSAO OLHAL 120MM2 1F	UN	6,31	90
400481	CABO  MULT 3X16+1X16MM² XLPE 0,6/1 KV	UN	6,16	60
800362	ELO FUSIVEL BOTAO DISTRIB K 30A 500MM	UN	6,13	60
802213	ELO FUSIVEL K 30A 500MM	UN	6,13	60
802766	VISOR PASTA SUSPENSA PP 80X30MM CX 50UN	UN	6,02	60
403113	DISJUNTOR 1P 127/220V 400VCA 32A	UN	5,99	60
800722	PARAFUSO CAB ABA AC 16MM 125MM	CJ	5,95	60
401436	CONECTOR DER AL 1/0-4/0AWG	UN	5,94	60
402359	PARAFUSO CAB ABA AC 16MM 125MM	CJ	5,93	60
801182	CONECTOR CUNHA AL 2AWG	UN	5,92	90
401620	LACO PREF ROLD CA 2/0AWG LJ	UN	5,92	60
800952	LACO PREF ROLD CA 2/0AWG LJ	UN	5,92	60
400459	CABO ELETR 15KV AL PROT XLPE 35MM2 1F MT	M	5,82	60
402025	ELO FUSIVEL BOTAO DISTRIB K 25A 500MM	UN	5,82	60
801220	ELO FUSIVEL BOTAO DISTRIB K 25A 500MM	UN	5,82	60
401489	ESTRIBO NORMAL CU EST 2 4AWG	UN	5,81	60
801109	ESTRIBO NORMAL CU EST 2 4AWG	UN	5,81	60
802163	TRINCHA CERDA NR2	UN	5,8	60
400283	TERMINAL PRESSAO CU 240MM2 C/SAPATA	UN	5,76	90
402660	ELO FUSIVEL DISTRIB H 2A 500MM	UN	5,56	60
400930	PARAFUSO CAB ABA AC 10MM 115MM	CJ	3,99	60
401399	ELO FUSIVEL DISTRIB 20K 15KV 500MM	UN	5,53	60
403209	PRENSA CABO PVC 3/4P	UN	5,49	60
401910	ELO FUSIVEL BOTAO DISTRIB K 15A 500MM	UN	5,46	60
800981	CABO ELETR 15KV AL PROT XLPE 35MM2 1F MT	M	5,42	60
800289	CONECTOR PARAL AL 10-2/0AWG (6-70MM2)	KG	5,41	90
804597	CORDA TRANC MULT 12MM BRANCA	PEÇ	5,41	60
800596	LACO DISTRIBUICAO PREF CAA 1/0AWG	UN	5,4	60
400442	CABO  MULT 2X16+1X16MM² XLPE 0,6/1 KV	UN	5,39	60
402188	POSTE CONCRETO TRON CON 11M 300KGF	UN	2393,05	45
800033	CABO ELETR 15KV AL PROT XLPE 50MM2 1F MT	M	5,25	60
402354	CONECTOR CUNHA AT AL VM 25-50MM2	UN	5,25	90
401056	ELO FUSIVEL BOTAO DISTRIB K 10A 500MM	UN	5,18	60
801352	ELO FUSIVEL BOTAO DISTRIB K 10A 500MM	UN	5,18	60
402123	ELO FUSIVEL BOTAO DISTRIB K 12A 500MM	UN	5,18	60
801303	ELO FUSIVEL BOTAO DISTRIB K 12A 500MM	UN	5,18	60
801233	ELO FUSIVEL BOTAO DISTRIB K 15A 500MM	UN	5,18	60
402117	ELO FUSIVEL BOTAO DISTRIB K 20A 500MM	UN	5,18	60
801114	ELO FUSIVEL BOTAO DISTRIB K 20A 500MM	UN	5,18	60
402741	ELO FUSIVEL BOTAO K 6A 500MM	UN	5,18	60
801826	ELO FUSIVEL BOTAO K 6A 500MM	UN	5,18	60
800012	TERMINAL PRE ISOL PINO TUBULAR 95MM2 AZ	UN	5,16	90
401131	PARAFUSO CAB QD AC 16MM 225MM 300MM	UN	12,06	60
402265	ELO FUSIVEL BOTAO DISTRIB H 3A 500MM	UN	5,13	60
801010	ELO FUSIVEL BOTAO DISTRIB H 3A 500MM	UN	5,13	60
400805	ELO FUSIVEL BOTAO DISTRIB H 5A 500MM	UN	5,13	60
801375	ELO FUSIVEL BOTAO DISTRIB H 5A 500MM	UN	5,13	60
801955	ELO FUSIVEL DISTRIB H 2A 500MM	UN	5,13	60
402733	ELO FUSIVEL H 1A 500MM	UN	5,13	60
801834	ELO FUSIVEL H 1A 500MM	UN	5,13	60
800897	ALCA PREFORM 6,4MM 1/4P AM 1219MM	M3	5,11	60
801274	CABO ELET ISOL CU PT 8AWG PVC 750V	UN	5,02	60
407438	DISCO DE CORTE ESMERILHADEIRA 7X1/16X7/8	UN	5	60
407270	DISCO DE CORTE P/ESMERI 4.1/2X3/64X7/8	UN	5	60
402260	CONECTOR CUNHA CU 5/8P 25-35MM	UN	4,94	90
800600	LACO DISTRIBUICAO PREF CAA 2/0AWG AC	UN	4,85	60
402127	PARAFUSO CAB ABA AC 16MM 45MM	UN	4,79	60
800110	PARAFUSO CAB ABA PESC QD AC 3/8PX115MM	UN	4,76	60
400942	PARAFUSO CAB ABA PESC QD AC 16MM 70MM	UN	4,69	60
800007	TERMINAL PRESSAO CU 70MM2	UN	4,59	90
803497	BROCA ACO PARA METAL  6MM2	UN	4,55	60
802911	SACO P/LIMPEZA ALG 80X55CM	UN	4,46	60
403513	ENVELOPE DE PLAST COM FECHO DE SEG	UN	4,35	60
401449	CONECTOR CUNHA AL 4/0(2) AWG	CX	4,34	90
801166	CONECTOR CUNHA AL 4/0(2) AWG	CX	4,34	90
804666	CABO AL CONCENTRICO 1F 1x16+16MM2	UN	4,28	60
800108	PARAFUSO CAB ABA AC 16MM 45MM	UN	4,25	60
400955	PARAFUSO CAB ABA AC 16MM 150MM	UN	4,21	60
112066	PAPEL AUTO ADES 38X50MM 100FL POST IT	0	4,2	60
400137	LACO PREF CA 2AWG PESC 57MM PURPURA	UN	4,19	60
401937	SAPATILHA CABO DE ACO 3/8P	UN	4,11	60
110215	CAIXA ARQUIVO PLAST CORRUG 360X135X250MM	0	4,1	60
805527	BATERIA MOEDA CR-2032-3V	UN	4	60
805360	TERMINAL TIPO OLHAL 35MM 1/4	UN	4	90
402433	PARA-RAIO DISTRIB POL 12KV 10KA S/CENT	UN	165	60
801064	PARAFUSO CAB ABA AC 10MM 115MM	CJ	3,99	60
800614	LACO LATERAL DUPLO CA 2AWG	UN	3,9	60
401050	CONECTORES CUNHA 1/0AWG-50MM2 2AWG-25MM2	UN	3,87	90
800310	CONECTORES CUNHA 1/0AWG-50MM2 2AWG-25MM2	UN	3,87	90
403572	PRENSA CABO NYLON CURTO 1/2P	UN	3,83	60
805426	ESPUMA DE PEDREIRO 220MMX130MM	UN	3,75	60
801185	CABO  MULT 2X10+1X10 MM² XLPE 0,6/1 KV	PEÇ	3,71	60
401090	LACO LATERAL DUPLO CA 2AWG	UN	3,61	60
401844	PERFIL U AC 76X900MM REDE COMPACTA	UN	125,56	60
402235	CABO ELET ISOL AZ 2,5MM2	KG	3,55	60
401435	ALCA PREFORM CA/CAA 2AWG 6/1P 2AWG 625MM	UN	3,54	60
800794	ALCA PREFORM CA/CAA 2AWG 6/1P 2AWG 625MM	UN	3,54	60
801272	ALCA PREFORM DIST 2AWG 33,63MM2 660MM	UN	3,54	60
402401	PINO ISOLADOR POLIMERICO AC 15KV 200MM	UN	30,54	60
802637	PASTA PLAST FINA ABAS ELAS 24,5X34CM	UN	3,5	60
805511	TERMINAL PINO PARA BORNE 35 MM	UN	3,5	90
401616	LACO PREF LATERAL DUPLO CA/CAA 336,4MCM	UN	3,42	60
800093	LACO PREF LATERAL DUPLO CA/CAA 336,4MCM	UN	3,42	60
404418	CABO MANGA 4V P/ REFLETOR LED 10M	M	3,4	60
803927	JUNTA INF NITRILICA 1,3KV 800A 67X80X6MM	UN	3,34	60
402611	ANEL AMAR SIL CZ 110MM 160MM	UN	3,31	60
801612	ANEL AMAR SIL CZ 110MM 160MM	UN	3,31	60
801006	CABO ELET ISOL 4MM2 PVC 750V	M	3,29	60
800804	CABO  MULT 1X16+1X16MM² XLPE 0,6/1 KV	PEÇ	3,25	60
801277	ELO FUSIVEL K 50A	UN	3,23	60
401105	LACO LATERAL DUPLO 4/0AWG	UN	3,21	60
401108	LACO DISTRIBUICAO PREF CAA 1/0AWG	UN	3,17	60
403838	ALCA PREFORM CABO CONC  1X16 + 16	UN	3,16	60
800917	LACO PREF CA 2AWG PESC 57MM PURPURA	UN	3,13	60
801146	LACO LATERAL PREF DUPLO 2/0AWG	UN	3,1	60
401916	LACO LATERAL PREF DUPLO 2/0AWG	UN	3,08	60
400130	LACO PREF ROLD CA 4/0AWG LJ	UN	3,03	60
802703	ABRACADEIRA 1P	UN	3	60
110555	CLIPE ACO NIQ N 2/0 CX 50 UM	0	3	60
110282	FITA ADES PVC TRANSP 50MMX50M	0	3	60
801047	ARRUELA LIS QD AC 17MM 11/16 57X57MM 5MM	UN	2,93	60
400380	ALCA PREFORM SERV 50MM2 45MM2	UN	2,92	60
802119	CURVA ELET PVC 90G 1P	UN	2,92	60
802656	PASTA SUSP PP 361X240MM	UN	2,9	60
800668	SAPATILHA CABO DE ACO 3/8P	UN	2,84	60
110057	PAPEL AUTO ADES AM 76X76MM 100FL	0	2,8	60
803075	LIXA FERRO 20X28.5CM GRAO 220	UN	2,78	60
403323	CABO ELET FLEX 2X1,5MM2 0,6/1KV	M	2,75	60
400532	CONECTOR DER CUNHA AL 2AWG 1/0AWG	UN	2,65	90
800494	LACO PREF ROLD CA 1/0AWG LJ	UN	2,63	60
400974	PORCA QUADRADA AC 16MM 2MM	UN	2,6	60
800541	PORCA QUADRADA AC 16MM 2MM	UN	2,6	60
804320	TERMINAL PINO 35 MM2	UN	2,6	90
801062	LACO PREF ROLD CA 4/0AWG LJ	UN	2,59	60
110157	EXTRATOR GRAMPO ESPAT AI 15C	0	2,5	60
800977	TERMINAL ELET CU ELET 35MM2 LING RET 1F	UN	2,45	90
804146	CORDA TRANC MULT 8MM 5/16 BRANCA RL/220	PEÇ	2,41	60
801374	TERMINAL COMPRESSAO 95MM	UN	2,39	90
401840	LACO PREF ROLD CA 336,4 MCM LARANJA	UN	2,35	60
803962	JUNTA SUP NITRI 1,3KV 800A 27X47X55X4 MM	UN	2,31	60
110159	CLIPE PAPEL AC NIQ TAM 6/0	0	2,24	60
804446	TERMINAL TIPO OLHAL 25MM 1/4	UN	2,2	90
401088	LACO LATERAL PREF CAA E CA 1/0AWG DUPLO	UN	2,18	60
401952	LACO PREF TOPO DUPLO CA 336,4MCM VM	UN	2,18	60
800505	LACO PREF TOPO DUPLO CA 336,4MCM VM	UN	2,18	60
801157	CABO ELET FLEXIVEL PVC 750V 2,5MM2 PT	M	2,17	60
800226	ALCA PREFORM SERV CA 16MM2 305MM	UN	2,16	60
803961	JUNTA SUP NITRI 1,3KV 400A 16X36X42X4 MM	UN	2,15	60
401632	LACRE SEG MET 11DIG BR	UN	2,14	60
400122	LACO PREF TOPO CAA/CA 4/0AWG VM	UN	2,03	60
801228	LACO PREF TOPO CAA/CA 4/0AWG VM	UN	2,03	60
802464	CLIPE ACO NIQ N 4/0 CX 50UN	UN	2,01	60
802387	CANETA CORRETIVA MULTIUSO 8ML	UN	2	60
805363	TERMINAL TIPO OLHAL 16MM2 1/4	UN	2	90
401497	ARRUELA PRES AC PARAF 3/8P 15MM	PEÇ	1,99	60
110649	CLIPE PAPEL AC NIQ TAM N 3/0	0	1,97	60
800239	ALCA PREFORM SERV CA 25MM2 330MM	UN	1,95	60
401232	TERMINAL PRESSAO CU 50MM2	UN	1,94	90
110690	PINCEL MARC PERM REC PONTA RET/CHANF PT	0	1,93	60
400880	LACO PREF ISOLADOR ROLD CA 2AWG LJ 33MM2	UN	1,91	60
400422	CARTUCHO PLA P/CUNHA AM FEST CALIB 20	UN	1,9	90
112242	CLIPE PAPEL AC NIQ TAM 8/0	0	1,86	60
800709	LACO PREF ISOLADOR ROLD CA 2AWG LJ 33MM2	UN	1,86	60
400224	POSTE CONC DUPL T 11 M 300 DAN	UN	1620	45
400683	ALCA PREFORM SERV 16MM2 5,0-5,7MM2	UN	1,85	60
407737	CABO ELET FLEXIVEL PVC 750V 2,5MM2 CZ	M	1,8	60
803926	JUNTA INF NITRILICA 1,3KV 400A 48X60X4MM	UN	1,8	60
407096	PROTETOR P/ CABO BT PVC COMP 2000MM	UN	194,35	40
402286	ALCA PREFORM DIST 2AWG 33,63MM2 660MM	UN	1,79	60
804883	ARRUELA QD AC 17,00MM 50,00MM 3,00MM	UN	1,78	60
401733	TERMINAL PRESSAO CU 70MM2	UN	1,78	90
400813	CABO ELETRICO ISOLADO SINGELO 6MM2	KG	1,75	60
110708	EXTRATOR GRAMPOS ESPATULA AI 150MM	0	1,75	60
802479	LUVA ELET PVC RIG PT 1	UN	1,75	60
800158	CABO ELETRICO ISOLADO SINGELO 6MM2	KG	1,74	60
803925	JUNTA INF NITRILICA 1,3KV 160A 33X45X4MM	UN	1,73	60
400809	CARTUCHO FP MET P/CUNHA VM FEST CALIB 22	UN	1,63	90
801020	CARTUCHO FP MET P/CUNHA VM FEST CALIB 22	UN	1,63	90
800768	CABO ELET ISOL AZ 2,5MM2	KG	1,59	60
800157	CABO ELET ISOL BR 2,5MM2	M	1,52	60
800715	PARAFUSO CAB ABA PESC QD AC 16MM 70MM	UN	1,49	60
110248	REGUA PLAS TRANSP 40CM ESC MM	0	1,45	60
405489	TERMINAL COMPRESSAO OLHAL ESTAN 16MM2 M6	UN	1,45	90
405487	TERMINAL TUBULAR CU ESTANHADO 25MM2 AZ	UN	1,45	90
401981	CABO  MULT 1X10+1X10MM² XLPE 0,6/1 KV	UN	1,4	60
801263	CABO  MULT 1X10+1X10MM² XLPE 0,6/1 KV	UN	1,4	60
400673	ARRUELA QD 50X50X3MM 18MM AC	UN	1,39	60
800223	ARRUELA QD 50X50X3MM 18MM AC	UN	1,39	60
401102	LACO DISTRIBUICAO PREF CAA 2/0AWG AC	UN	1,34	60
402191	PARAFUSO SXT AC 11,11MM 7/16P 31,75MM	UN	1,34	60
805399	ARRUELA DE PRESSÃO, M8, ZINCADA	UN	1,31	60
805398	ARRUELA LISA, M8, ZINCADA	PEÇ	1,31	60
401874	CARTUCHO MET P/CUNHA AM FEST CALIB 22	UN	1,31	90
800681	CARTUCHO MET P/CUNHA AM FEST CALIB 22	UN	1,31	90
805400	PORCA SEXTAVADA, M8, ZINCADA	UN	1,31	60
401827	ALCA PREFORM SERV 10MM2 3,7-4,1MM2	UN	1,3	60
801203	ALCA PREFORM SERV 10MM2 3,7-4,1MM2	UN	1,3	60
400734	CABO ELET FLEXIVEL PVC 750V 2,5MM2 PT	M	1,3	60
402136	CABO ELET FLEXIVEL PVC 750V 2,5MM2 VD	UN	1,3	60
803929	JUNTA SUP NITRI 1,3KV 160A 10X24X30X4 MM	UN	1,26	60
401568	CONECTOR COMP DER 4/0AWG 3/0-4/0AWG	UN	1,24	90
405491	TERMINAL TUBULAR CU ESTANHADO 35MM2	PEÇ	1,8	90
800798	CABO ELET FLEX 2,5MM VM	M	1,16	60
402229	CABO ELET FLEXIVEL PVC 750V 2,5MM2 VM	KG	1,16	60
402027	TERMINAL TUBULAR CU ESTANHADO 16MM2 AZ	UN	1,15	90
400678	ALCA PREFORM SERV 35MM2 45MM2	UN	1,09	60
800976	PARAFUSO SXT AC 11,11MM 7/16P 31,75MM	UN	1,05	60
402335	POSTE CONCRETO TRON CON 13M 400KGF	UN	15	45
110730	ALICATE AMPERIMETRO DIGITAL CAT III 600V	UN	1	60
408742	BATERIA DRONE DJI MAVIC 3	M	1	60
804165	BINÓCULO PELICANO 7X50	UN	1	60
110210	BORRACHA DES PLAST BR 44X22,5X12MM	0	1	60
803770	CABO ELET ISOL 1,5MM2 CINZA	M	1	60
804167	CANIVETE PARA ELETRICISTA	UN	1	60
804169	CARRETILHA AL CORDA 5/8P C/GANCH AC FORJ	UN	1	60
409743	CONJ MEDICAO 0,6KV; 200-5A ;USO EXT	UN	1	60
409744	CONJ MEDICAO 0,6KV; 400-5A ;USO EXT	UN	1	60
405456	DRONE	UN	1	60
404215	KIT COM ROLDANAS PARAFUSO E SUPORTE	UN	1	60
409524	KIT STARLINK	UN	1	60
803658	MEDIDOR DE DISTÂNCIA COM RODAS	UN	1	60
805397	PARAFUSO SEXTAVADO M8x30MM ZINCADO	UN	1	60
112331	SOLDA ESTANHO CARRETEL	UN	1	60
401773	TERMINAL TUBULAR CU ESTANHADO 10MM2	UN	1	90
403553	TV LED 43P	UN	1	60
404441	TERMINAL PRE-ISOL PINO 6MM2 LING OLHAL	UN	0,95	90
401385	ALCA PREFORM SERV 1X1010MM2 200DAN	UN	0,94	60
400351	ALCA PREFORM SERV 1X16+16MM2	UN	0,94	60
403682	BUCHA LOK 01	PEÇ	0,85	60
804654	LIXA MADEIRA 120	UN	0,85	60
110097	APONTADOR LAPIS, COM DEPOSITO	0	0,83	60
402041	ARRUELA QD 5/8P	UN	0,82	60
402739	CONECTOR PF/KS 95-1807MM	UN	0,82	90
112065	CANETA MARCA TEXTO AM	0	0,8	60
112104	CANETA MARCA TEXTO VD	0	0,8	60
804447	TERMINAL TIPO OLHAL  10MM 1/4	UN	0,8	90
402456	TERMINAL OLHAL 4MM2 AM	UN	0,78	90
401870	CARTUCHO MET P/CUNHA AZ FEST CALIB 22	UN	0,73	90
800070	CARTUCHO MET P/CUNHA AZ FEST CALIB 22	UN	0,73	90
801250	CABO ELET FLEXIVEL PVC 750V 2,5MM2 VD	UN	0,72	60
402310	CABO ELET ISOL VM 2,5MM2	UN	0,72	60
804253	TERMINAL PRE-ISOL OLHAL 1,5-2,5 MM2	UN	0,7	90
801195	TERMINAL P/ CABO 2,5MM2 OLHAL FURO 4,3MM	UN	0,67	90
110185	CANETA ESFER AZ 1MM EMB C/50UN	0	0,65	60
400022	TERMINAL P/ CABO 2,5MM2 OLHAL FURO 4,3MM	UN	0,6	90
803584	TERMINAL PRE ISOL TUB DUPLO 2,5MM² AZUL	UN	0,6	90
803583	TERMINAL PRE ISOL TUB SIMPLES 2,5MM² AZ	UN	0,59	90
803159	CABO ELET ISOL 1X1,5MM2 CU VD 750V	M	0,56	60
800051	CABO ELET ISOL SING 1.5MM2 BR	M	0,56	60
800048	CABO ELET ISOL SING 1.5MM2 VERMELHA	M	0,56	60
801017	CABO ELETR 750V CU SING PVC 1,5MM2 AZUL	UN	0,56	60
401252	POSTE CONCRETO TRON CON 13M 600DAN	UN	4205	45
401360	POSTE FIBRA VIDRO E-CR 9M 300DAN	UN	1979	60
410213	TINTA SPRAY 400ML	-		60
803977	ABRACADEIRA PLAS 300 X 4,80MM	UN	0,54	60
800243	ARRUELA PRES AC PARAF 3/8P 5/8P	UN	0,54	60
804374	FUSIVEL DE VIDRO RAPIDO 5 X 20MM 1,5A 25	UN	0,5	60
803206	TERMINAL PRE ISOLADO TIPO PINO 2,5MM AZ	UN	0,46	90
800215	ARRUELA LIS 3/8P 1119	UN	0,44	60
801083	PORCA SEXT AI304 3/8P UNC	UN	0,43	60
110256	ENVELOPE CORRES PAP 80G/M2 NT 410X310MM	0	0,4	60
407970	PARAFUSO PHIL BICROM CAB CHATA AGUL 45MM	UN	0,4	60
803129	ABRACADEIRA NYLON 5MMX300MM	UN	0,36	60
402036	TERMINAL PRESSAO CU 150MM2 C/SAPATA	UN	0,35	90
800133	CABO ELET ISOL, 1,5MM2 PT	UN	0,34	60
804125	ABRACADEIRA NYLON 2,5MMX144MM	UN	0,31	60
407032	BUCHA NYLON S8	PEÇ	0,25	60
803128	ABRACADEIRA NYLON 150MMX3,5MM	UN	0,24	60
800774	TERMINAL PINO TUBULAR 2,5MM2	UN	0,23	90
110404	ENVELOPE CORRES PAP 80G/M2 NT 340X240MM	0	0,18	60
407399	PARAFUSO AUTOBROCANTE 4,2X19 PHILLIPS	UN	0,18	60
404985	PARAFUSO AUTO BROC FLANG PHILIPS 4.2X25M	UN	0,17	60
803579	PARAFUSO AUTO BROC FLANG PHILIPS 4.2X25M	UN	0,17	60
403741	PARAFUSO BUCHA S8	UN	0,15	60
803193	TERMINAL PRE ISOL PINO TUBULAR 1,5MM	UN	0,15	90
406016	PARAFUSO AUTOBROCANTE 4,2X13MM	UN	0,14	60
800470	ABRACADEIRA PA 250X9,0X3,00MM	UN	0,12	60
804104	PARAFUSO PHILIPS/FENDA S8	UN	0,12	60
802301	ABRACADEIRA NYLON 2,5MMX108MM	UN	0,1	60
801745	BUCHA NYLON PARAFUSO S-8	UN	0,1	60
803225	ABRACADEIRA NYLON 2,8MMX240MM	PEÇ	0,06	60
112008	GASOLINA COMUM	0		60
802018	PRENSA-CABOS AL 1.3/4P	UN	327,75	60
400040	TRAFO AER 3F 15KV 75KVA 220/127V 7TP	UN	20986,27	90
402600	MONITOR 23,8 POL	UN		60
804311	CARTAO DE MEMORIA	UN		60
406859	ALCA PREFORM 70MM2	UN		60
410045	ALCA PREFORM CABO CONC  1X25+25	UN		60
410048	ALCA PREFORM CABO CONC  2X35 + 35	UN		60
410049	ALCA PREFORM 95MM2	UN		60
409302	SENSOR DE CRTE TIPO ABRT 400A-5 P/ URBT	UN	340	60
410046	CABO AL CONCENTRICO 1F 1x25+25MM2	UN		60
410050	CABO AL CONCENTRICO 2F 2X35+35MM2	UN		60
407129	CONECTOR PARAF FENDIDO BIMETAL PFB-25	UN		60
400817	CONECTOR PERF AL 35-150MM2 / 35-150MM2	UN		60
401317	MED EL 1E 2F 120V 100A TB GD B	UN		60
402527	MED IN 1E 2F 120V 100A SMC DR B	UN		60
402767	MED IN 2E 3F 120V 100A SMC DR B	UN		60
402807	MED IN 3E 4F 120V 100A SMC DR B	UN		60
405492	TERMINAL TUBULAR CU ESTANHADO 50MM3	UN		60
402570	UNIDADE DE LEITURA INDIVIDUAL TLI - SMC	UN		60
804881	DISJUNTOR 1P 127/220V 400VCA 32A	UN		60
804882	DISJUNTOR 3P 127/220V 400VCA 40A	UN		60
404208	CONJ MEDICAO P/ BALANCO TRAFO 800A C/ RC	UN		60
404005	CONJ MEDICAO P/ BALANCO TRAFO 500A C/ RF	UN		60
805515	RADIO MESH IP CS SMC SGPM LANDIS GYR	UN		60
805516	RADIO CS SMC SGPM LANDIS GYR	UN		60
805514	CPU CS SMC SGPM	UN		60
404040	ABRACADEIRA PLAS UV 150X3,50MM	UN		60
402595	COLETOR DADOS RF MESH N2450 - SMC	UN		60
402625	GABINETE CONCENTR 12MOD 120V C/RADIO SMC	UN		60
403739	PRENSA CABO 1.1/4P AL C/BUCHA NEOP	UN		60
402608	ROTEADOR RF N660 - COMUNICAÇÃO SMC	UN		60
404617	MEDIDOR INTEL  3EL 4F 120V/220V 30/200A	UN		60
111811	KIT FERRAMENTAS C/ CHAVES FENDA/PHILIPS	0		60
113893	MULTIMETRO DIG 10A AC/DC TEMP 17B+ FLUKE	0		60
803828	JOGO DE CHAVE ALLEN  EM T ISOLADA	M2		60
804344	PLACA DE PROTOBOARD 400 PONTOS	UN		60
804346	BALANÇA DIGITAL DE BANCADA 100KG	UN		60
804349	JOGO DE MINI RETIFICA 180W 110V	UN		60
804361	FONTE DE ALIMENTAÇÃO DIGITAL 30V 5A	UN		60
804397	ALICATE DECAPADOR DE FIOS COM REGULAGEM	UN		60
804409	MULTIMETRO OSCILOSCOPIO	UN		60
804537	JG CHAVE COMBINADA 6 A 22MM COM 17 PÇS	UN		60
804677	FURADEIRA DE BANCADA PROFISSIONAL 220V	UN		60
805283	PARAFUSADEIRA FURADEIRA 18V PROFISSIONAL	UN		60
805288	JOGO SOQUETE SEXTAVADO ESTOJO 25 A 30PCS	UN		60
805535	FITA ROTULADOR TZE 251 COR PRETO/BRANCA	UN		60
805536	FITA ROTULADOR TZE 651 COR PRETO/AMARELO	UN		60
805537	FITA ROTULADOR TZE 661 COR PRETO/AMARELO	UN		60
805538	LIMA ROTATIVA 6MM METAL DURO	UN		60
805539	CONJ. BROCAS ESCALONADAS 3 PÇS	UN		60
407440	MED IN 2E 3F 120 240V 120A TB GD B	UN		60
407439	MED IN 1E 2F 120 240V 100A TB GD B	UN		60
410052	MODULO DE COMUNIC REMOTA NB CAT-M SMA	UN		60
410154	UNIDADE REMOTA INT P/ MED C/ CONECT SMA	UN		60
400909	MED EL 1E 3F 240V 100A TB GD B	CJ		60
402771	MEDIDOR ELETR 1F 240V 15A	UN		60
410090	MED-IN-3E-4F-120/240V-10A-TB-QE-GD-DR-C	UN		60
408750	MED IN 3E 4F 120 240V 200A TB QE GD C	UN		60
