Documento de compras	Item	Contrato básico	It.contrato superior	Fornecedor/centro fornecedor	Tipo doc.compras	Ctg.doc.compras	Grupo de compradores	Histórico pedido/docum.SolRem.	Data do documento	Código de imposto	Material	Texto breve	Grupo de mercadorias	Código de eliminação	Categoria do item	Ctg.class.cont.	Centro	Depósito	Qtd.pedido	UM pedido	Qtd.na UnidGestEstoq	Unidade manutenção estoque	Preço líquido	Moeda	Unidade preço	Quantidade prevista	Qtd.prev.pendente	a ser fornecida (quantidade)	a ser fornecido (valor	Ãinda a faturar (quantidade)	Ainda a faturar (valor)	Núm.itens	Domicílio fiscal	Valor líquido pedido
4500138296	10	4600003047	20	1003137    INCESA INDUSTRIA DE COMPONENTES ELE	NB	F	A03		24/11/2025	C1	402307	CONECTOR PERF AL 25-185MM2 / 1,5-35MM2	MC12002				CDFL	INVT	4.550	UN	4.550	UN	60,08	BRL	1	0	0	4.550	273.354,90	4.550	273.354,90	1	ZF 1302603	273.354,90
4500138302	10	4600003113	10	1003137    INCESA INDUSTRIA DE COMPONENTES ELE	NB	F	A12		24/11/2025	C1	401834	CONECTOR PARAL AL 10AWG-1/0AWG	MC10301				CDFL	INVT	800	UN	800	UN	9,64	BRL	1	0	0	800	7.715,28	800	7.715,28	1	ZF 1302603	7.715,28
4500136509	10	4600001961	610	1003291    INDUSTRIA DE TRANSFORMADORES AMAZON	NB	F	A13		14/11/2025	C1	400072	TRAFO AER 1F 7,96KV 5KVA 240/120V 7TP	MC22103				CDFL	INVT	242	UN	242	UN	4.229,89	BRL	1	0	0	242	1.023.633,66	242	1.023.633,66	1	ZF 1302603	1.023.633,66
4500138793	10	4600003263	10	1003382    ELETRA INDUSTRIA E COMERCIO DE MEDI	NB	F	A16		20/01/2026	C1	403077	MEDIDOR ELET 3F 120V 15/120A BIDIREC MD	MC12501				CDFL	INVT	237	UN	237	UN	441,76	BRL	1	0	0	237	104.697,12	237	104.697,12	1	ZF 1302603	104.697,12
4500138795	10		0	1003382    ELETRA INDUSTRIA E COMERCIO DE MEDI	NB	F	A02		22/01/2026	C1	404114	MED IN 2E 3F 120 240V 120A TB QE GD B	MC12501				CDFL	INVT	500	UN	500	UN	506,36	BRL	1	0	0	500	253.180,40	500	253.180,40	1	ZF 1302603	253.180,40
4500138795	20		0	1003382    ELETRA INDUSTRIA E COMERCIO DE MEDI	NB	F	A02		22/01/2026	C1	404114	MED IN 2E 3F 120 240V 120A TB QE GD B	MC12501				CDFL	INVT	500	UN	500	UN	506,36	BRL	1	0	0	86	43.547,03	431	218.241,50	1	ZF 1302603	253.180,40
4500138796	10		0	1003383    INTERLIGACAO ELETRICA NORTE E NORDE	NB	F	A02		27/01/2026	C1	404114	MED IN 2E 3F 120 240V 120A TB QE GD B	MC12501				CDFL	INVT	500	UN	500	UN	535,13	BRL	1	0	0	293	156.793,47	362	193.717,53	1	ZF 1302603	267.565,65
4500137858	10	4600003086	30	1003412    MAURIZIO  CIA LTDA	NB	F	A02		20/11/2025	C1	400758	CHAVE SECC 1P 15KV 630A 110KV 25KA	MC10202				CDFL	INVT	488	UN	488	UN	483,6	BRL	1	0	0	488	235.996,80	488	235.996,80	1	ZF 1302603	235.996,80
4500137858	20	4600003086	20	1003412    MAURIZIO  CIA LTDA	NB	F	A02		20/11/2025	C1	402276	CHAVE FUSIVEL INDIC 15KV 200A/95KV BUC	MC10801				CDFL	INVT	46	UN	46	UN	342,24	BRL	1	0	0	46	15.743,04	46	15.743,04	1	ZF 1302603	15.743,04
4500137951	10	4600003075	10	1003412    MAURIZIO  CIA LTDA	NB	F	A02		21/11/2025	C1	402433	PARA-RAIO DISTRIB POL 12KV 10KA S/CENT	MC21101				CDFL	INVT	1.000	UN	1.000	UN	130,2	BRL	1	0	0	1.000	130.200,00	1.000	130.200,00	1	ZF 1302603	130.200,00
4500138326	10	4600003086	60	1003412    MAURIZIO  CIA LTDA	NB	F	A02		25/11/2025	C1	401857	CHAVE FUSIVEL DIST 15KV 100A/10KA PORC	MC10801				CDFL	INVT	1.000	UN	1.000	UN	268,77	BRL	1	0	0	0	0	1.000	268.770,00	1	ZF 1302603	268.770,00
4500135969	10	4600003102	160	1003624    POOL ENGENHARIA, SERVICO, INDUSTRIA	NB	F	GAE		07/11/2025	C0	400221	POSTE FIBRA VIDRO E-CR 11M 300DAN	MC12001				CDFL	INVT	100	UN	100	UN	2.162,00	BRL	1	0	0	100	216.200,00	100	216.200,00	1	ZF 1302603	216.200,00
4500135969	20	4600003102	170	1003624    POOL ENGENHARIA, SERVICO, INDUSTRIA	NB	F	GAE		07/11/2025	C0	401931	POSTE FIBRA VIDRO E-CR 13M 600DAN	MC12001				CDFL	INVT	10	UN	10	UN	4.258,00	BRL	1	0	0	10	42.580,00	10	42.580,00	1	ZF 1302603	42.580,00
4500137870	10	4600003071	20	1003624    POOL ENGENHARIA, SERVICO, INDUSTRIA	NB	F	A01		21/11/2025	C0	800100	ISOLADOR PINO PORC 15KV 102MM 1350KGF	MC10902				CDFL	CUST	300	UN	300	UN	25	BRL	1	0	0	300	7.500,00	300	7.500,00	1	ZF 1302603	7.500,00
4500137870	20	4600003071	40	1003624    POOL ENGENHARIA, SERVICO, INDUSTRIA	NB	F	A01		21/11/2025	C0	401711	ISOLADOR PINO PORC 15KV 102MM 1350KGF	MC10902				CDFL	INVT	565	UN	565	UN	25	BRL	1	0	0	0	0	565	14.125,00	1	ZF 1302603	14.125,00
4500137958	10	4600003071	20	1003624    POOL ENGENHARIA, SERVICO, INDUSTRIA	NB	F	A01		21/11/2025	C0	800100	ISOLADOR PINO PORC 15KV 102MM 1350KGF	MC10902				CDFL	CUST	2.000	UN	2.000	UN	25	BRL	1	0	0	2.000	50.000,00	2.000	50.000,00	1	ZF 1302603	50.000,00
4500137958	20	4600003071	40	1003624    POOL ENGENHARIA, SERVICO, INDUSTRIA	NB	F	A01		21/11/2025	C0	401711	ISOLADOR PINO PORC 15KV 102MM 1350KGF	MC10902				CDFL	INVT	2.743	UN	2.743	UN	25	BRL	1	0	0	2.743	68.575,00	2.743	68.575,00	1	ZF 1302603	68.575,00
4500137958	30	4600003071	30	1003624    POOL ENGENHARIA, SERVICO, INDUSTRIA	NB	F	A01		21/11/2025	C0	400910	ISOLADOR DISCO 152X140MM 60KV 4500KGF	MC10902				CDFL	INVT	770	UN	770	UN	22,3	BRL	1	0	0	770	17.171,00	770	17.171,00	1	ZF 1302603	17.171,00
4500137988	10	4600002059	70	1003624    POOL ENGENHARIA, SERVICO, INDUSTRIA	NB	F	A12		24/11/2025	C0	801112	CRUZETA POL FBV/RES PES 2400X112,5X90MM	MC12001				CDFL	CUST	1.052	UN	1.052	UN	185	BRL	1	0	0	1.052	194.620,00	1.052	194.620,00	1	ZF 1302603	194.620,00
4500138183	10	4600003102	130	1003624    POOL ENGENHARIA, SERVICO, INDUSTRIA	NB	F	GAE		24/11/2025	C0	401318	POSTE FIBRA VIDRO E-CR 9M 600DAN	MC12001				CDFL	INVT	50	UN	50	UN	2.390,00	BRL	1	0	0	50	119.500,00	50	119.500,00	1	ZF 1302603	119.500,00
4500138306	10	4600003112	140	1003799    CONIMEL EMPRESA DE MATERIAL ELETRIC	NB	F	A12		24/11/2025	C1	403182	CONECTOR CHAVE SEC 1P FACA CU 10-300MM2	MC12002				CDFL	INVT	468	UN	468	UN	173,22	BRL	1	0	0	468	81.067,80	468	81.067,80	1	ZF 1302603	81.067,80
4500138325	10	4600003204	10	1003799    CONIMEL EMPRESA DE MATERIAL ELETRIC	NB	F	A12		25/11/2025	C1	400790	CONECTOR ATERR REFORÇ HAST/CAB 5/8-35MM2	MC10301				CDFL	INVT	3.706	UN	3.706	UN	17,54	BRL	1	0	0	3.706	65.002,50	3.706	65.002,50	1	ZF 1302603	65.002,50
4500138328	10	4600003093	50	1003799    CONIMEL EMPRESA DE MATERIAL ELETRIC	NB	F	A03		25/11/2025	C1	801215	CONECTOR DER CU 13-34MM2	MC12002				CDFL	CUST	120	UN	120	UN	7,36	BRL	1	0	0	120	882,76	120	882,76	1	ZF 1302603	882,76
4500138328	20	4600003093	80	1003799    CONIMEL EMPRESA DE MATERIAL ELETRIC	NB	F	A03		25/11/2025	C1	402404	CONECTOR CUNHA LIGA AL AZ 120MM2 4/0AWG	MC12002				CDFL	INVT	298	UN	298	UN	11,3	BRL	1	0	0	298	3.367,25	298	3.367,25	1	ZF 1302603	3.367,25
4500138328	30	4600003093	90	1003799    CONIMEL EMPRESA DE MATERIAL ELETRIC	NB	F	A03		25/11/2025	C1	400506	CONECTOR DER CU 13-34MM2	MC12002				CDFL	INVT	950	UN	950	UN	7,36	BRL	1	0	0	950	6.988,48	950	6.988,48	1	ZF 1302603	6.988,48
4500135718	10	4600003162	10	1003818    B A ELETRICA LTDA	NB	F	A14		03/11/2025	C0	403275	FITA ISOL ELET 19MMX20M 0,19MM AZ	MC10903				CDFL	INVT	50	UN	50	UN	53,44	BRL	1	0	0	50	2.672,00	50	2.672,00	1	ZF 1302603	2.672,00
4500135718	20	4600003162	20	1003818    B A ELETRICA LTDA	NB	F	A14		03/11/2025	C0	403120	FITA ISOL ELET 19MMX20M 0,19MM BR	MC10903				CDFL	INVT	50	UN	50	UN	53,44	BRL	1	0	0	50	2.672,00	50	2.672,00	1	ZF 1302603	2.672,00
4500135718	30	4600003162	30	1003818    B A ELETRICA LTDA	NB	F	A14		03/11/2025	C0	403377	FITA ISOL ELET 19MMX20M 0,19MM VD	MC10903				CDFL	INVT	60	UN	60	UN	53,44	BRL	1	0	0	60	3.206,40	60	3.206,40	1	ZF 1302603	3.206,40
4500135718	40	4600003162	40	1003818    B A ELETRICA LTDA	NB	F	A14		03/11/2025	C0	403407	FITA ISOL ELET 19MMX20M 0,19MM VM	MC10903				CDFL	INVT	60	UN	60	UN	53,44	BRL	1	0	0	60	3.206,40	60	3.206,40	1	ZF 1302603	3.206,40
4500138085	10	4600003162	70	1003818    B A ELETRICA LTDA	NB	F	A14		24/11/2025	C0	802138	FITA ISOL ELET 19MMX20M 0,19MM VM	MC10903				CDFL	CUST	39	UN	39	UN	53,44	BRL	1	0	0	26	1.389,44	39	2.084,16	1	ZF 1302603	2.084,16
4500138085	20	4600003162	60	1003818    B A ELETRICA LTDA	NB	F	A14		24/11/2025	C0	802158	FITA ISOL ELET 19MMX20M 0,19MM BR	MC10903				CDFL	CUST	30	UN	30	UN	53,44	BRL	1	0	0	20	1.068,80	30	1.603,20	1	ZF 1302603	1.603,20
4500138085	30	4600003162	50	1003818    B A ELETRICA LTDA	NB	F	A14		24/11/2025	C0	802141	FITA ISOL ELET 19MMX20M 0,19MM AZ	MC10903				CDFL	CUST	30	UN	30	UN	53,44	BRL	1	0	0	20	1.068,80	30	1.603,20	1	ZF 1302603	1.603,20
4500138279	10	4600003195	50	1003866    ARCOMA DA AMAZONIA IND E COM LTDA	NB	F	A03		24/11/2025	C0	400224	POSTE CONC DUPL T 11 M 300 DAN	MC13001				CDFL	INVT	312	UN	312	UN	1.620,00	BRL	1	0	0	312	505.440,00	312	505.440,00	1	ZF 1302603	505.440,00
4500138279	20	4600003195	60	1003866    ARCOMA DA AMAZONIA IND E COM LTDA	NB	F	A03		24/11/2025	C0	401127	POSTE CONCRETO ARM DUPL T 11M 600KGF	MC13001				CDFL	INVT	173	UN	173	UN	2.062,00	BRL	1	0	0	173	356.726,00	173	356.726,00	1	ZF 1302603	356.726,00
4500135830	10	4600003213	210	1003949    FLEX INDUSTRIA DE FIOS E CABOS ELET	NB	F	A15		05/11/2025	C0	402318	CABO  MULT 3X120+1X70MM² XLPE 0,6/1 KV	MC10101				CDFL	INVT	5.000	M	5.000	M	47,31	BRL	1	0	0	5.000	236.550,00	5.000	236.550,00	1	ZF 1302603	236.550,00
4500136122	10	4600003213	250	1003949    FLEX INDUSTRIA DE FIOS E CABOS ELET	NB	F	A15		11/11/2025	C0	400473	CABO  MULT 3X50+1X50MM² XLPE 0,6/1 KV	MC10101				CDFL	INVT	1.000	M	1.000	M	21,05	BRL	1	0	0	1.000	21.050,00	1.000	21.050,00	1	ZF 1302603	21.050,00
4500136123	10	4600003048	70	1003949    FLEX INDUSTRIA DE FIOS E CABOS ELET	NB	F	GAE		11/11/2025	C0	800031	CABO ELET NU CA AL 2AWG 33,54MM2 IRIS	MC10101				CDFL	CUST	6.536	KG	6.536	KG	29	BRL	1	0	0	6.536	189.544,00	6.536	189.544,00	1	ZF 1302603	189.544,00
4500136235	10	4600003213	280	1003949    FLEX INDUSTRIA DE FIOS E CABOS ELET	NB	F	A15		12/11/2025	C0	400473	CABO  MULT 3X50+1X50MM² XLPE 0,6/1 KV	MC10101				CDFL	INVT	4.112	M	4.112	M	21,05	BRL	1	0	0	4.112	86.557,60	4.112	86.557,60	1	ZF 1302603	86.557,60
4500137959	10	4600003073	20	1004591    REAL ENERGIA EIRELI	NB	F	A01		21/11/2025	C1	408994	ISOLADOR PINO, POLIMERICO COM TRAVAS	MC12002				CDFL	INVT	1.000	UN	1.000	UN	20,46	BRL	1	0	0	1.000	20.460,00	1.000	20.460,00	1	ZF 1302603	20.460,00
4500138761	10		0	1004735    HITACHI ENERGY BRASIL LTDA	NB	F	A07		06/01/2026	C1	403103	BUCHA CONDENSIVA POLIMERICA 138KV 1250A	MC10902				CDFL	INVT	6	UN	6	UN	196.817,28	BRL	1	0	0	6	1.180.903,68	6	1.180.903,68	1	ZF 1302603	1.180.903,68
4500138212	10	4600003099	60	1006698    AMAZONPOSTES INDUSTRIA DE ARTEFATOS	NB	F	A03		24/11/2025	C0	400988	POSTE CONCRETO TRON CON 9M 600KGF	MC13001				CDFL	INVT	6	UN	6	UN	1.959,95	BRL	1	0	0	6	11.759,70	6	11.759,70	1	ZF 1302603	11.759,70
4500138262	10	4600002571	20	1006698    AMAZONPOSTES INDUSTRIA DE ARTEFATOS	NB	F	GAE		24/11/2025	C1	400210	POSTE CONCRETO TRON CON 13M 1000KGF	MC13001				CDFL	INVT	3	UN	3	UN	3.315,65	BRL	1	0	0	3	9.946,96	3	9.946,96	1	ZF 1302603	9.946,96
4500138262	20	4600002571	70	1006698    AMAZONPOSTES INDUSTRIA DE ARTEFATOS	NB	F	GAE		24/11/2025	C1	402650	POSTE CONCRETO DUPLO T 9/600	MC13001				CDFL	INVT	156	UN	156	UN	1.190,00	BRL	1	0	0	125	148.750,00	156	185.640,00	1	ZF 1302603	185.640,00
4500138262	30	4600002571	80	1006698    AMAZONPOSTES INDUSTRIA DE ARTEFATOS	NB	F	GAE		24/11/2025	C1	402847	POSTE CONC DUPL T 9/300	MC13001				CDFL	INVT	172	UN	172	UN	880,6	BRL	1	0	0	171	150.582,60	172	151.463,20	1	ZF 1302603	151.463,20
4500138262	40		0	1006698    AMAZONPOSTES INDUSTRIA DE ARTEFATOS	NB	F	GAE		24/11/2025	C1	402650	POSTE CONCRETO DUPLO T 9 M 600 DAN	MC13001				CDFL	INVT	10	UN	10	UN	1.190,00	BRL	1	0	0	0	0	10	11.900,00	1	ZF 1302603	11.900,00
4500138262	50		0	1006698    AMAZONPOSTES INDUSTRIA DE ARTEFATOS	NB	F	GAE		24/11/2025	CA	402847	POSTE CONC DUPL T 9 M 300 DAN	MC13001				CDFL	INVT	32	UN	32	UN	880,6	BRL	1	0	0	0	0	0	0	1	ZF 1302603	28.179,20
4500138292	10	4600003099	60	1006698    AMAZONPOSTES INDUSTRIA DE ARTEFATOS	NB	F	A03		24/11/2025	C0	400988	POSTE CONCRETO TRON CON 9M 600KGF	MC13001				CDFL	INVT	8	UN	8	UN	1.959,95	BRL	1	0	0	8	15.679,60	8	15.679,60	1	ZF 1302603	15.679,60
4500138292	20	4600002571	350	1006698    AMAZONPOSTES INDUSTRIA DE ARTEFATOS	NB	F	A03		24/11/2025	C0	401296	POSTE CONCRETO TRON CON 11M 600KGF	MC13001				CDFL	INVT	7	UN	7	UN	2.220,41	BRL	1	0	0	7	15.542,87	7	15.542,87	1	ZF 1302603	15.542,87
4500138292	30	4600003099	70	1006698    AMAZONPOSTES INDUSTRIA DE ARTEFATOS	NB	F	A03		24/11/2025	C0	400224	POSTE CONC DUPL T 11 M 300 DAN	MC13001				CDFL	INVT	92	UN	92	UN	1.620,00	BRL	1	0	0	92	149.040,00	92	149.040,00	1	ZF 1302603	149.040,00
4500138292	40	4600003099	80	1006698    AMAZONPOSTES INDUSTRIA DE ARTEFATOS	NB	F	A03		24/11/2025	C1	401127	POSTE CONCRETO ARM DUPL T 11M 600KGF	MC13001				CDFL	INVT	174	UN	174	UN	1.917,66	BRL	1	0	0	99	189.848,34	174	333.672,84	1	ZF 1302603	333.672,84
4500138292	50	4600002571	310	1006698    AMAZONPOSTES INDUSTRIA DE ARTEFATOS	NB	F	A03		24/11/2025	C0	401349	POSTE CONCRETO CIRC 11M 1000DAN	MC13001				CDFL	INVT	17	UN	17	UN	3.614,07	BRL	1	0	0	17	61.439,19	17	61.439,19	1	ZF 1302603	61.439,19
4500138730	10		0	1006698    AMAZONPOSTES INDUSTRIA DE ARTEFATOS	NB	F	A16		23/12/2025	C1	400224	POSTE CONC DUPL T 11 M 300 DAN	MC13001				CDFL	INVT	25	UN	25	UN	1.296,00	BRL	1	0	0	0	0	0	0	1	ZF 1302603	32.400,00
4500138758	10		0	1006698    AMAZONPOSTES INDUSTRIA DE ARTEFATOS	NB	F	A16		06/01/2026	A5	402847	POSTE CONC DUPL T 9 M 300 DAN	MC13001				CDFL	INVT	32	UN	32	UN	880,6	BRL	1	0	0	32	28.179,20	32	28.179,20	1	ZF 1302603	28.179,20
4500135838	10		0	1006953    MELO DISTRIBUIDORA DE PECAS LTDA	NB	F	GAE		05/11/2025	C0	113080	FILTRO AR	MC01501			K	CDFL		1	UN	1	UN	90,66	BRL	1	0	0	0	0	0	0	1	ZF 1302603	90,66
4500135839	10		0	1006953    MELO DISTRIBUIDORA DE PECAS LTDA	NB	F	GAE		05/11/2025	C1	113125	FLUIDO FREIO DOT4 500 ML 2264300 20X1	MC00303			K	CDFL		2	UN	2	UN	14,4	BRL	1	0	0	0	0	0	0	1	ZF 1302603	28,8
4500135839	20		0	1006953    MELO DISTRIBUIDORA DE PECAS LTDA	NB	F	GAE		05/11/2025	C0	113256	OLEO LUBRICANTE 15W40	MC00301			K	CDFL		1	UN	1	UN	335,79	BRL	1	0	0	0	0	0	0	1	ZF 1302603	335,79
4500135839	30		0	1006953    MELO DISTRIBUIDORA DE PECAS LTDA	NB	F	GAE		05/11/2025	C0	113203	OLEO LUBRIFICANTE DE  MOTOR	MC00303			K	CDFL		1	UN	1	UN	388,65	BRL	1	0	0	0	0	0	0	1	ZF 1302603	388,65
4500135839	40		0	1006953    MELO DISTRIBUIDORA DE PECAS LTDA	NB	F	GAE		05/11/2025	C0	113014	FAIXA REFLETIVA LATERIAL 30x5CM LE	MC00303			K	CDFL		5	UN	5	UN	2,53	BRL	1	0	0	0	0	0	0	1	ZF 1302603	12,65
4500135839	50		0	1006953    MELO DISTRIBUIDORA DE PECAS LTDA	NB	F	GAE		05/11/2025	C0	113937	FAIXA REFLETIVA LATERAL 30x5CM LD	MC00303			K	CDFL		5	UN	5	UN	2,53	BRL	1	0	0	0	0	0	0	1	ZF 1302603	12,65
4500135839	60		0	1006953    MELO DISTRIBUIDORA DE PECAS LTDA	NB	F	GAE		05/11/2025	C0	113939	FAIXA REFLETIVA PARA-CHOQUE DIREITO	MC00303			K	CDFL		1	UN	1	UN	44,91	BRL	1	0	0	0	0	0	0	1	ZF 1302603	44,91
4500135839	70		0	1006953    MELO DISTRIBUIDORA DE PECAS LTDA	NB	F	GAE		05/11/2025	C1	113300	SILICONE	MC00901			K	CDFL		1	UN	1	UN	19,76	BRL	1	0	0	0	0	0	0	1	ZF 1302603	19,76
4500135840	10		0	1006953    MELO DISTRIBUIDORA DE PECAS LTDA	NB	F	GAE		05/11/2025	C1	113125	FLUIDO FREIO DOT4 500 ML 2264300 20X1	MC00303			K	CDFL		2	UN	2	UN	22,31	BRL	1	0	0	0	0	0	0	1	ZF 1302603	44,62
4500135840	20		0	1006953    MELO DISTRIBUIDORA DE PECAS LTDA	NB	F	GAE		05/11/2025	C0	113200	CILINDRO MESTRE	MC00303			K	CDFL		1	UN	1	UN	486,75	BRL	1	0	0	0	0	0	0	1	ZF 1302603	486,75
4500135840	30		0	1006953    MELO DISTRIBUIDORA DE PECAS LTDA	NB	F	GAE		05/11/2025	C0	113112	VELA IGNICAO	MC00303			K	CDFL		10	UN	10	UN	10	BRL	1	0	0	6	60	6	60	1	ZF 1302603	100
4500135840	40		0	1006953    MELO DISTRIBUIDORA DE PECAS LTDA	NB	F	GAE		05/11/2025	C0	113140	BIELETA BARRA DIANTEIRA ESQUERDA	MC00303			K	CDFL		1	UN	1	UN	38,75	BRL	1	0	0	0	0	0	0	1	ZF 1302603	38,75
4500135840	50		0	1006953    MELO DISTRIBUIDORA DE PECAS LTDA	NB	F	GAE		05/11/2025	C0	113145	BIELETA BARRA DIANTEIRA DIREITA	MC00303			K	CDFL		1	UN	1	UN	38,75	BRL	1	0	0	0	0	0	0	1	ZF 1302603	38,75
4500135840	60		0	1006953    MELO DISTRIBUIDORA DE PECAS LTDA	NB	F	GAE		05/11/2025	C0	113486	CILINBRO DA RODA	MC00303			K	CDFL		2	UN	2	UN	39,9	BRL	1	0	0	0	0	0	0	1	ZF 1302603	79,8
4500135840	70		0	1006953    MELO DISTRIBUIDORA DE PECAS LTDA	NB	F	GAE		05/11/2025	C0	113851	SENSOR TEMPERATURA P/ VEICULOS	MC00303			K	CDFL		1	UN	1	UN	40,56	BRL	1	0	0	0	0	0	0	1	ZF 1302603	40,56
4500136316	10	4600003045	70	1007001    TECFIBRAS INDUSTRIA E COMERCIO IMPO	NB	F	GAE		13/11/2025	C1	800847	CRUZETA POL PE/FBN 90X112,5X2400MM	MC12001				CDFL	CUST	520	UN	520	UN	230,18	BRL	1	0	0	520	119.691,00	520	119.691,00	1	ZF 1302603	119.691,00
4500137985	10	4600003045	10	1007001    TECFIBRAS INDUSTRIA E COMERCIO IMPO	NB	F	GAE		24/11/2025	C1	407355	CRUZETA POL FBV/RES 2400X112,5X90MM DAT	MC12001				CDFL	INVT	430	UN	430	UN	151,13	BRL	1	0	0	430	64.983,75	430	64.983,75	1	ZF 1302603	64.983,75
4500137985	20	4600003045	20	1007001    TECFIBRAS INDUSTRIA E COMERCIO IMPO	NB	F	GAE		24/11/2025	C0	401959	CRUZETA POL FBV/RES PES 2400X112,5X90MM	MC12001				CDFL	INVT	1.381	UN	1.381	UN	162,5	BRL	1	0	0	1.381	224.412,50	1.381	224.412,50	1	ZF 1302603	224.412,50
4500137985	30	4600003045	30	1007001    TECFIBRAS INDUSTRIA E COMERCIO IMPO	NB	F	GAE		24/11/2025	A1	401547	CRUZETA POL PE/FBN 90X112,5X2400MM	MC12001				CDFL	INVT	493	UN	493	UN	230,17	BRL	1	0	0	493	113.476,27	493	113.476,27	1	ZF 1302603	113.476,27
4500137986	10	4600003045	50	1007001    TECFIBRAS INDUSTRIA E COMERCIO IMPO	NB	F	GAE		24/11/2025	C1	801112	CRUZETA POL FBV/RES PES 2400X112,5X90MM	MC12001				CDFL	CUST	337	UN	337	UN	151,12	BRL	1	0	0	337	50.929,12	337	50.929,12	1	ZF 1302603	50.929,12
4500137986	20	4600003045	70	1007001    TECFIBRAS INDUSTRIA E COMERCIO IMPO	NB	F	GAE		24/11/2025	C1	800847	CRUZETA POL PE/FBN 90X112,5X2400MM	MC12001				CDFL	CUST	264	UN	264	UN	230,18	BRL	1	0	0	264	60.766,20	264	60.766,20	1	ZF 1302603	60.766,20
4500135825	10		0	1007229    3A MANGUEIRAS E FIXADORES DA AMAZON	NB	F	GAE		05/11/2025	C0	113288	ABRACADEIRA 43828	MC01301			K	CDFL		2	UN	2	UN	2	BRL	1	0	0	0	0	0	0	1	ZF 1302603	4
4500135825	20		0	1007229    3A MANGUEIRAS E FIXADORES DA AMAZON	NB	F	GAE		05/11/2025	C1	113276	MANGUEIRA 2W3172	MC00303			K	CDFL		2,25	UN	2,25	UN	44	BRL	1	0	0	0	0	0	0	1	ZF 1302603	99
4500137960	10	4600003060	50	1007262    CENTROACO INDUSTRIA E COMERCIO DE A	NB	F	A03		24/11/2025	C1	800929	PARAFUSO CAB QD AC 16MM 250MM	MC01301				CDFL	CUST	179	UN	179	UN	9,57	BRL	1	0	0	179	1.712,24	179	1.712,24	1	ZF 1302603	1.712,24
4500137960	20	4600003060	30	1007262    CENTROACO INDUSTRIA E COMERCIO DE A	NB	F	A03		24/11/2025	C1	800922	PARAFUSO CAB QD AC 16MM 450MM	MC01301				CDFL	CUST	250	UN	250	UN	19,4	BRL	1	0	0	250	4.851,00	250	4.851,00	1	ZF 1302603	4.851,00
4500137960	30	4600003060	20	1007262    CENTROACO INDUSTRIA E COMERCIO DE A	NB	F	A03		24/11/2025	C1	801064	PARAFUSO CAB ABA AC 10MM 115MM	MC01301				CDFL	CUST	1.751	UN	1.751	UN	2,22	BRL	1	0	0	1.751	3.883,02	1.751	3.883,02	1	ZF 1302603	3.883,02
4500137960	40	4600003060	60	1007262    CENTROACO INDUSTRIA E COMERCIO DE A	NB	F	A03		24/11/2025	C1	801391	PARAFUSO CAB QD AC 16MM 2P 350MM	MC01301				CDFL	CUST	158	UN	158	UN	12,31	BRL	1	0	0	158	1.945,17	158	1.945,17	1	ZF 1302603	1.945,17
4500137967	10	4600003077	40	1007262    CENTROACO INDUSTRIA E COMERCIO DE A	NB	F	A03		24/11/2025	C1	401485	BRACO SUPORTE TIPO C 580X365MM 851/6	MC12002				CDFL	INVT	341	UN	341	UN	116,12	BRL	1	0	0	341	39.598,56	341	39.598,56	1	ZF 1302603	39.598,56
4500137967	20	4600003077	70	1007262    CENTROACO INDUSTRIA E COMERCIO DE A	NB	F	A03		24/11/2025	C1	401844	PERFIL U PARA REDE COMPACTA	MC01206				CDFL	INVT	112	UN	112	UN	110,49	BRL	1	0	0	112	12.375,19	112	12.375,19	1	ZF 1302603	12.375,19
4500137967	30	4600003077	90	1007262    CENTROACO INDUSTRIA E COMERCIO DE A	NB	F	A03		24/11/2025	C1	402490	SUPORTE AFAST HORIZ C/PRENSA REDE 15KV	MC12002				CDFL	INVT	30	UN	30	UN	267,1	BRL	1	0	0	30	8.012,93	30	8.012,93	1	ZF 1302603	8.012,93
4500137967	40	4600003077	100	1007262    CENTROACO INDUSTRIA E COMERCIO DE A	NB	F	A03		24/11/2025	C1	402017	SUPORTE TRANSF POSTE DUP T AC 210X125MM	MC12002				CDFL	INVT	30	UN	30	UN	124,99	BRL	1	0	0	30	3.749,59	30	3.749,59	1	ZF 1302603	3.749,59
4500137967	50	4600003077	170	1007262    CENTROACO INDUSTRIA E COMERCIO DE A	NB	F	A03		24/11/2025	C1	402875	SUPORTE TIPO T PARA CHAVE/PARA-RAIO	MC12002				CDFL	INVT	30	UN	30	UN	76,34	BRL	1	0	0	30	2.290,20	30	2.290,20	1	ZF 1302603	2.290,20
4500137967	60	4600003077	80	1007262    CENTROACO INDUSTRIA E COMERCIO DE A	NB	F	A03		24/11/2025	C1	401657	MAO FRANCESA BECO AC 2135MM 35MMX5MM	MC10701				CDFL	INVT	20	UN	20	UN	105	BRL	1	0	0	20	2.100,03	20	2.100,03	1	ZF 1302603	2.100,03
4500137967	70	4600003077	60	1007262    CENTROACO INDUSTRIA E COMERCIO DE A	NB	F	A03		24/11/2025	C1	404719	FIXADOR PERFIL U AC 150DAN 300DAN	MC10701				CDFL	INVT	20	UN	20	UN	18,5	BRL	1	0	0	20	369,95	20	369,95	1	ZF 1302603	369,95
4500137978	10	4600003060	150	1007262    CENTROACO INDUSTRIA E COMERCIO DE A	NB	F	A03		24/11/2025	C1	401239	PARAFUSO CAB QD AC 16MM 450MM	MC01301				CDFL	INVT	3.075	UN	3.075	UN	19,4	BRL	1	0	0	3.075	59.667,30	3.075	59.667,30	1	ZF 1302603	59.667,30
4500137978	20	4600003060	190	1007262    CENTROACO INDUSTRIA E COMERCIO DE A	NB	F	A03		24/11/2025	C1	400945	PARAFUSO CAB ABA PESC QD EM AC 5/8PX45MM	MC01301				CDFL	INVT	50	UN	50	UN	3,66	BRL	1	0	0	50	183,04	50	183,04	1	ZF 1302603	183,04
4500137978	30	4600003060	170	1007262    CENTROACO INDUSTRIA E COMERCIO DE A	NB	F	A03		24/11/2025	C1	400192	PARAFUSO CAB QD AC 16MM 250MM	MC01301				CDFL	INVT	1.021	UN	1.021	UN	9,57	BRL	1	0	0	1.021	9.766,48	1.021	9.766,48	1	ZF 1302603	9.766,48
4500137980	10	4600003060	150	1007262    CENTROACO INDUSTRIA E COMERCIO DE A	NB	F	A03		24/11/2025	C1	401239	PARAFUSO CAB QD AC 16MM 450MM	MC01301				CDFL	INVT	4.168	UN	4.168	UN	19,4	BRL	1	0	0	4.168	80.875,87	4.168	80.875,87	1	ZF 1302603	80.875,87
4500137980	20	4600003060	190	1007262    CENTROACO INDUSTRIA E COMERCIO DE A	NB	F	A03		24/11/2025	C1	400945	PARAFUSO CAB ABA PESC QD EM AC 5/8PX45MM	MC01301				CDFL	INVT	50	UN	50	UN	3,66	BRL	1	0	0	50	183,04	50	183,04	1	ZF 1302603	183,04
4500137981	10	4600003077	250	1007262    CENTROACO INDUSTRIA E COMERCIO DE A	NB	F	A03		24/11/2025	C1	800991	MAO FRANCESA BECO AC 2135MM 35MMX5MM	MC10701				CDFL	CUST	50	UN	50	UN	105	BRL	1	0	0	50	5.250,08	50	5.250,08	1	ZF 1302603	5.250,08
4500137981	20	4600003077	270	1007262    CENTROACO INDUSTRIA E COMERCIO DE A	NB	F	A03		24/11/2025	C1	801386	SUPORTE TRANSF POSTE DUP T AC 210X125MM	MC12002				CDFL	CUST	7	UN	7	UN	124,99	BRL	1	0	0	7	874,9	7	874,9	1	ZF 1302603	874,9
4500137981	30	4600003077	290	1007262    CENTROACO INDUSTRIA E COMERCIO DE A	NB	F	A03		24/11/2025	C1	801256	PERFIL U AC 76X900MM REDE COMPACTA	MC10701				CDFL	CUST	5	UN	5	UN	110,49	BRL	1	0	0	5	552,46	5	552,46	1	ZF 1302603	552,46
4500138713	10	4600003060	20	1007262    CENTROACO INDUSTRIA E COMERCIO DE A	NB	F	A03		01/12/2025	C1	801064	PARAFUSO CAB ABA AC 10MM 115MM	MC01301				CDFL	CUST	1.000	UN	1.000	UN	2,22	BRL	1	0	0	1.000	2.217,60	1.000	2.217,60	1	ZF 1302603	2.217,60
4500138713	20	4600003060	140	1007262    CENTROACO INDUSTRIA E COMERCIO DE A	NB	F	A03		01/12/2025	C1	400930	PARAFUSO CAB ABA AC 10MM 115MM	MC01301				CDFL	INVT	1.000	UN	1.000	UN	2,22	BRL	1	0	0	1.000	2.217,60	1.000	2.217,60	1	ZF 1302603	2.217,60
4500136028	10		0	1007286    R. C. COMERCIO DE ESTIVAS LTDA.	NB	F	GAE		10/11/2025	C0	500042	ACUCAR	MC01101			K	CDFL		2.000	UN	2.000	UN	4,3	BRL	1	0	0	0	0	0	0	1	ZF 1302603	8.600,00
4500136028	20		0	1007286    R. C. COMERCIO DE ESTIVAS LTDA.	NB	F	GAE		10/11/2025	C0	500043	ARRO TIPO 1 1KG	MC01101			K	CDFL		3.000	UN	3.000	UN	5,9	BRL	1	0	0	0	0	0	0	1	ZF 1302603	17.700,00
4500136028	30		0	1007286    R. C. COMERCIO DE ESTIVAS LTDA.	NB	F	GAE		10/11/2025	C0	500044	PÓ DE CAFÉ SOLÚVEL	MC01101			K	CDFL		2.000	UN	2.000	UN	8,8	BRL	1	0	0	0	0	0	0	1	ZF 1302603	17.600,00
4500136028	40		0	1007286    R. C. COMERCIO DE ESTIVAS LTDA.	NB	F	GAE		10/11/2025	C0	500046	FARINHA BRANCA 1KG	MC01101			K	CDFL		2.000	UN	2.000	UN	4,5	BRL	1	0	0	0	0	0	0	1	ZF 1302603	9.000,00
4500136028	50		0	1007286    R. C. COMERCIO DE ESTIVAS LTDA.	NB	F	GAE		10/11/2025	C0	500047	FEIJAO TIPO 1 1KG	MC01101			K	CDFL		2.000	UN	2.000	UN	5,9	BRL	1	0	0	0	0	0	0	1	ZF 1302603	11.800,00
4500136028	60		0	1007286    R. C. COMERCIO DE ESTIVAS LTDA.	NB	F	GAE		10/11/2025	C0	500048	MACARRAO	MC01101			K	CDFL		2.000	PAC	2.000	PAC	2,5	BRL	1	0	0	0	0	0	0	1	ZF 1302603	5.000,00
4500136028	70		0	1007286    R. C. COMERCIO DE ESTIVAS LTDA.	NB	F	GAE		10/11/2025	C0	500049	OLEO DE SOJA	MC01101			K	CDFL		1.000	UN	1.000	UN	8,7	BRL	1	0	0	0	0	0	0	1	ZF 1302603	8.700,00
4500136029	10		0	1007286    R. C. COMERCIO DE ESTIVAS LTDA.	NB	F	GAE		10/11/2025	C0	500098	BALA DE GOMA	S009			K	CDFL		1.000	UN	1.000	UN	0,4	BRL	1	0	0	0	0	0	0	1	ZF 1302603	400
4500136029	20		0	1007286    R. C. COMERCIO DE ESTIVAS LTDA.	NB	F	GAE		10/11/2025	C0	500099	BALA MASTIGÁVEL	S009			K	CDFL		68	UN	68	UN	6	BRL	1	0	0	0	0	0	0	1	ZF 1302603	408
4500136029	30		0	1007286    R. C. COMERCIO DE ESTIVAS LTDA.	NB	F	GAE		10/11/2025	C0	500100	BISCOITO RECHEADO	S009			K	CDFL		1.000	UN	1.000	UN	1	BRL	1	0	0	0	0	0	0	1	ZF 1302603	1.000,00
4500136029	40		0	1007286    R. C. COMERCIO DE ESTIVAS LTDA.	NB	F	GAE		10/11/2025	C1	500101	BOMBONS DIVERSOS	S009			K	CDFL		19	UN	19	UN	8	BRL	1	0	0	0	0	0	0	1	ZF 1302603	152
4500136029	50		0	1007286    R. C. COMERCIO DE ESTIVAS LTDA.	NB	F	GAE		10/11/2025	C0	500102	CHICLÉ	S009			K	CDFL		70	UN	70	UN	6,9	BRL	1	0	0	0	0	0	0	1	ZF 1302603	483
4500136029	60		0	1007286    R. C. COMERCIO DE ESTIVAS LTDA.	NB	F	GAE		10/11/2025	C0	500103	PIPOCA	S009			K	CDFL		1.000	UN	1.000	UN	0,6	BRL	1	0	0	0	0	0	0	1	ZF 1302603	600
4500136029	70		0	1007286    R. C. COMERCIO DE ESTIVAS LTDA.	NB	F	GAE		10/11/2025	C0	500104	SALGADINHO DE MILHO	S009			K	CDFL		1.000	UN	1.000	UN	0,39	BRL	1	0	0	0	0	0	0	1	ZF 1302603	390
4500136029	80		0	1007286    R. C. COMERCIO DE ESTIVAS LTDA.	NB	F	GAE		10/11/2025	C0	500105	SUCO DE FRUTA	S009			K	CDFL		1.000	UN	1.000	UN	1,29	BRL	1	0	0	0	0	0	0	1	ZF 1302603	1.290,00
4500136108	10		0	1007286    R. C. COMERCIO DE ESTIVAS LTDA.	NB	F	GAE		11/11/2025	C0	500042	ACUCAR	MC01101			K	CDFL		300	UN	300	UN	4,3	BRL	1	0	0	0	0	0	0	1	ZF 1302603	1.290,00
4500136108	20		0	1007286    R. C. COMERCIO DE ESTIVAS LTDA.	NB	F	GAE		11/11/2025	C0	500043	ARRO TIPO 1 1KG	MC01101			K	CDFL		600	UN	600	UN	5,5	BRL	1	0	0	0	0	0	0	1	ZF 1302603	3.300,00
4500136108	30		0	1007286    R. C. COMERCIO DE ESTIVAS LTDA.	NB	F	GAE		11/11/2025	C0	500044	PÓ DE CAFÉ SOLÚVEL	MC01101			K	CDFL		160	UN	160	UN	11,9	BRL	1	0	0	0	0	0	0	1	ZF 1302603	1.904,00
4500136108	40		0	1007286    R. C. COMERCIO DE ESTIVAS LTDA.	NB	F	GAE		11/11/2025	C0	500046	FARINHA BRANCA 1KG	MC01101			K	CDFL		300	UN	300	UN	4,5	BRL	1	0	0	0	0	0	0	1	ZF 1302603	1.350,00
4500136108	50		0	1007286    R. C. COMERCIO DE ESTIVAS LTDA.	NB	F	GAE		11/11/2025	C0	500111	FARINHA DE TRIGO	S009			K	CDFL		110	UN	110	UN	4,5	BRL	1	0	0	0	0	0	0	1	ZF 1302603	495
4500136108	60		0	1007286    R. C. COMERCIO DE ESTIVAS LTDA.	NB	F	GAE		11/11/2025	C0	500047	FEIJAO TIPO 1 1KG	MC01101			K	CDFL		350	UN	350	UN	5,9	BRL	1	0	0	0	0	0	0	1	ZF 1302603	2.065,00
4500136108	70		0	1007286    R. C. COMERCIO DE ESTIVAS LTDA.	NB	F	GAE		11/11/2025	C0	500045	LEITE EM PO INTEGRAL	MC01101			K	CDFL		120	UN	120	UN	15,9	BRL	1	0	0	0	0	0	0	1	ZF 1302603	1.908,00
4500136108	80		0	1007286    R. C. COMERCIO DE ESTIVAS LTDA.	NB	F	GAE		11/11/2025	C0	500048	MACARRAO	MC01101			K	CDFL		800	PAC	800	PAC	2,3	BRL	1	0	0	0	0	0	0	1	ZF 1302603	1.840,00
4500136108	90		0	1007286    R. C. COMERCIO DE ESTIVAS LTDA.	NB	F	GAE		11/11/2025	C0	500074	MARGARINA 250G	MC01101			K	CDFL		360	UN	360	UN	3,9	BRL	1	0	0	0	0	0	0	1	ZF 1302603	1.404,00
4500136108	100		0	1007286    R. C. COMERCIO DE ESTIVAS LTDA.	NB	F	GAE		11/11/2025	C0	500112	MOLHO DE TOMATE	MC01101			K	CDFL		250	UN	250	UN	1,6	BRL	1	0	0	0	0	0	0	1	ZF 1302603	400
4500136108	110		0	1007286    R. C. COMERCIO DE ESTIVAS LTDA.	NB	F	GAE		11/11/2025	C0	500049	OLEO DE SOJA	MC01101			K	CDFL		200	UN	200	UN	9,8	BRL	1	0	0	0	0	0	0	1	ZF 1302603	1.960,00
4500136108	120		0	1007286    R. C. COMERCIO DE ESTIVAS LTDA.	NB	F	GAE		11/11/2025	C0	500113	OVOS	MC01101			K	CDFL		70	UN	70	UN	26,5	BRL	1	0	0	0	0	0	0	1	ZF 1302603	1.855,00
4500136108	130		0	1007286    R. C. COMERCIO DE ESTIVAS LTDA.	NB	F	GAE		11/11/2025	C1	500075	REFRESCO EM PO	MC01101			K	CDFL		2.900	UN	2.900	UN	0,56	BRL	1	0	0	0	0	0	0	1	ZF 1302603	1.624,00
4500136108	140		0	1007286    R. C. COMERCIO DE ESTIVAS LTDA.	NB	F	GAE		11/11/2025	C0	111236	SAL 1KG	MC02301			K	CDFL		70	KG	70	KG	1,2	BRL	1	0	0	0	0	0	0	1	ZF 1302603	84
4500136433	10		0	1007286    R. C. COMERCIO DE ESTIVAS LTDA.	NB	F	GAE		14/11/2025	C0	500042	ACUCAR	MC01101			K	CDFL		2.000	UN	2.000	UN	4,3	BRL	1	0	0	0	0	0	0	1	ZF 1302603	8.600,00
4500136433	20		0	1007286    R. C. COMERCIO DE ESTIVAS LTDA.	NB	F	GAE		14/11/2025	C0	500043	ARRO TIPO 1 1KG	MC01101			K	CDFL		3.000	UN	3.000	UN	5,9	BRL	1	0	0	0	0	0	0	1	ZF 1302603	17.700,00
4500136433	30		0	1007286    R. C. COMERCIO DE ESTIVAS LTDA.	NB	F	GAE		14/11/2025	C0	500044	PÓ DE CAFÉ SOLÚVEL	MC01101			K	CDFL		2.000	UN	2.000	UN	8,8	BRL	1	0	0	0	0	0	0	1	ZF 1302603	17.600,00
4500136433	40		0	1007286    R. C. COMERCIO DE ESTIVAS LTDA.	NB	F	GAE		14/11/2025	C0	500046	FARINHA BRANCA 1KG	MC01101			K	CDFL		2.000	UN	2.000	UN	4,5	BRL	1	0	0	0	0	0	0	1	ZF 1302603	9.000,00
4500136433	50		0	1007286    R. C. COMERCIO DE ESTIVAS LTDA.	NB	F	GAE		14/11/2025	C0	500047	FEIJAO TIPO 1 1KG	MC01101			K	CDFL		2.000	UN	2.000	UN	5,9	BRL	1	0	0	0	0	0	0	1	ZF 1302603	11.800,00
4500136433	60		0	1007286    R. C. COMERCIO DE ESTIVAS LTDA.	NB	F	GAE		14/11/2025	C0	500048	MACARRAO	MC01101			K	CDFL		2.000	PAC	2.000	PAC	2,5	BRL	1	0	0	0	0	0	0	1	ZF 1302603	5.000,00
4500136433	70		0	1007286    R. C. COMERCIO DE ESTIVAS LTDA.	NB	F	GAE		14/11/2025	C0	500049	OLEO DE SOJA	MC01101			K	CDFL		1.000	UN	1.000	UN	8,7	BRL	1	0	0	0	0	0	0	1	ZF 1302603	8.700,00
4500136434	10		0	1007286    R. C. COMERCIO DE ESTIVAS LTDA.	NB	F	GAE		14/11/2025	C0	500098	BALA DE GOMA	S009			K	CDFL		1.000	UN	1.000	UN	0,4	BRL	1	0	0	0	0	0	0	1	ZF 1302603	400
4500136434	20		0	1007286    R. C. COMERCIO DE ESTIVAS LTDA.	NB	F	GAE		14/11/2025	C0	500099	BALA MASTIGÁVEL	S009			K	CDFL		68	UN	68	UN	6	BRL	1	0	0	0	0	0	0	1	ZF 1302603	408
4500136434	30		0	1007286    R. C. COMERCIO DE ESTIVAS LTDA.	NB	F	GAE		14/11/2025	C0	500100	BISCOITO RECHEADO	S009			K	CDFL		1.000	UN	1.000	UN	1	BRL	1	0	0	0	0	0	0	1	ZF 1302603	1.000,00
4500136434	40		0	1007286    R. C. COMERCIO DE ESTIVAS LTDA.	NB	F	GAE		14/11/2025	C1	500101	BOMBONS DIVERSOS	S009			K	CDFL		19	UN	19	UN	8	BRL	1	0	0	0	0	0	0	1	ZF 1302603	152
4500136434	50		0	1007286    R. C. COMERCIO DE ESTIVAS LTDA.	NB	F	GAE		14/11/2025	C0	500102	CHICLÉ	S009			K	CDFL		70	UN	70	UN	6,9	BRL	1	0	0	0	0	0	0	1	ZF 1302603	483
4500136434	60		0	1007286    R. C. COMERCIO DE ESTIVAS LTDA.	NB	F	GAE		14/11/2025	C0	500103	PIPOCA	S009			K	CDFL		1.000	UN	1.000	UN	0,6	BRL	1	0	0	0	0	0	0	1	ZF 1302603	600
4500136434	70		0	1007286    R. C. COMERCIO DE ESTIVAS LTDA.	NB	F	GAE		14/11/2025	C0	500104	SALGADINHO DE MILHO	S009			K	CDFL		1.000	UN	1.000	UN	0,39	BRL	1	0	0	0	0	0	0	1	ZF 1302603	390
4500136434	80		0	1007286    R. C. COMERCIO DE ESTIVAS LTDA.	NB	F	GAE		14/11/2025	C0	500105	SUCO DE FRUTA	S009			K	CDFL		1.000	UN	1.000	UN	1,29	BRL	1	0	0	0	0	0	0	1	ZF 1302603	1.290,00
4500137971	10		0	1007286    R. C. COMERCIO DE ESTIVAS LTDA.	NB	F	GAE		24/11/2025	C0	500042	ACUCAR	MC01101			K	CDFL		2.000	UN	2.000	UN	3,9	BRL	1	0	0	0	0	0	0	1	ZF 1302603	7.800,00
4500137971	20		0	1007286    R. C. COMERCIO DE ESTIVAS LTDA.	NB	F	GAE		24/11/2025	C0	500043	ARRO TIPO 1 1KG	MC01101			K	CDFL		3.000	UN	3.000	UN	4,5	BRL	1	0	0	0	0	0	0	1	ZF 1302603	13.500,00
4500137971	30		0	1007286    R. C. COMERCIO DE ESTIVAS LTDA.	NB	F	GAE		24/11/2025	C0	500044	PÓ DE CAFÉ SOLÚVEL	MC01101			K	CDFL		2.000	UN	2.000	UN	11	BRL	1	0	0	0	0	0	0	1	ZF 1302603	22.000,00
4500137971	40		0	1007286    R. C. COMERCIO DE ESTIVAS LTDA.	NB	F	GAE		24/11/2025	C0	500046	FARINHA BRANCA 1KG	MC01101			K	CDFL		2.000	UN	2.000	UN	4,5	BRL	1	0	0	0	0	0	0	1	ZF 1302603	9.000,00
4500137971	50		0	1007286    R. C. COMERCIO DE ESTIVAS LTDA.	NB	F	GAE		24/11/2025	C0	500047	FEIJAO TIPO 1 1KG	MC01101			K	CDFL		2.000	UN	2.000	UN	5,65	BRL	1	0	0	0	0	0	0	1	ZF 1302603	11.300,00
4500137971	60		0	1007286    R. C. COMERCIO DE ESTIVAS LTDA.	NB	F	GAE		24/11/2025	C0	500048	MACARRAO	MC01101			K	CDFL		2.000	PAC	2.000	PAC	2,5	BRL	1	0	0	0	0	0	0	1	ZF 1302603	5.000,00
4500137971	70		0	1007286    R. C. COMERCIO DE ESTIVAS LTDA.	NB	F	GAE		24/11/2025	C0	500049	OLEO DE SOJA	MC01101			K	CDFL		1.000	UN	1.000	UN	9,8	BRL	1	0	0	0	0	0	0	1	ZF 1302603	9.800,00
4500137975	10		0	1007286    R. C. COMERCIO DE ESTIVAS LTDA.	NB	F	GAE		24/11/2025	C0	500098	BALA DE GOMA	S009			K	CDFL		1.000	UN	1.000	UN	0,4	BRL	1	0	0	0	0	0	0	1	ZF 1302603	400
4500137975	20		0	1007286    R. C. COMERCIO DE ESTIVAS LTDA.	NB	F	GAE		24/11/2025	C0	500099	BALA MASTIGÁVEL	S009			K	CDFL		68	UN	68	UN	6	BRL	1	0	0	0	0	0	0	1	ZF 1302603	408
4500137975	30		0	1007286    R. C. COMERCIO DE ESTIVAS LTDA.	NB	F	GAE		24/11/2025	C0	500100	BISCOITO RECHEADO	S009			K	CDFL		1.000	UN	1.000	UN	1	BRL	1	0	0	0	0	0	0	1	ZF 1302603	1.000,00
4500137975	40		0	1007286    R. C. COMERCIO DE ESTIVAS LTDA.	NB	F	GAE		24/11/2025	C1	500101	BOMBONS DIVERSOS	S009			K	CDFL		19	UN	19	UN	8	BRL	1	0	0	0	0	0	0	1	ZF 1302603	152
4500137975	50		0	1007286    R. C. COMERCIO DE ESTIVAS LTDA.	NB	F	GAE		24/11/2025	C0	500102	CHICLÉ	S009			K	CDFL		70	UN	70	UN	6,9	BRL	1	0	0	0	0	0	0	1	ZF 1302603	483
4500137975	60		0	1007286    R. C. COMERCIO DE ESTIVAS LTDA.	NB	F	GAE		24/11/2025	C0	500103	PIPOCA	S009			K	CDFL		1.000	UN	1.000	UN	0,6	BRL	1	0	0	0	0	0	0	1	ZF 1302603	600
4500137975	70		0	1007286    R. C. COMERCIO DE ESTIVAS LTDA.	NB	F	GAE		24/11/2025	C0	500104	SALGADINHO DE MILHO	S009			K	CDFL		1.000	UN	1.000	UN	0,39	BRL	1	0	0	0	0	0	0	1	ZF 1302603	390
4500137975	80		0	1007286    R. C. COMERCIO DE ESTIVAS LTDA.	NB	F	GAE		24/11/2025	C0	500105	SUCO DE FRUTA	S009			K	CDFL		1.000	UN	1.000	UN	1,29	BRL	1	0	0	0	0	0	0	1	ZF 1302603	1.290,00
4500138442	10		0	1007286    R. C. COMERCIO DE ESTIVAS LTDA.	NB	F	GAE		25/11/2025	C0	500042	ACUCAR	MC01101			K	CDFL		2.000	UN	2.000	UN	3,9	BRL	1	0	0	0	0	0	0	1	ZF 1302603	7.800,00
4500138442	20		0	1007286    R. C. COMERCIO DE ESTIVAS LTDA.	NB	F	GAE		25/11/2025	C0	500043	ARRO TIPO 1 1KG	MC01101			K	CDFL		3.000	UN	3.000	UN	4,5	BRL	1	0	0	0	0	0	0	1	ZF 1302603	13.500,00
4500138442	30		0	1007286    R. C. COMERCIO DE ESTIVAS LTDA.	NB	F	GAE		25/11/2025	C0	500044	PÓ DE CAFÉ SOLÚVEL	MC01101			K	CDFL		2.000	UN	2.000	UN	11	BRL	1	0	0	0	0	0	0	1	ZF 1302603	22.000,00
4500138442	40		0	1007286    R. C. COMERCIO DE ESTIVAS LTDA.	NB	F	GAE		25/11/2025	C0	500046	FARINHA BRANCA 1KG	MC01101			K	CDFL		2.000	UN	2.000	UN	4,5	BRL	1	0	0	0	0	0	0	1	ZF 1302603	9.000,00
4500138442	50		0	1007286    R. C. COMERCIO DE ESTIVAS LTDA.	NB	F	GAE		25/11/2025	C0	500047	FEIJAO TIPO 1 1KG	MC01101			K	CDFL		2.000	UN	2.000	UN	5,65	BRL	1	0	0	0	0	0	0	1	ZF 1302603	11.300,00
4500138442	60		0	1007286    R. C. COMERCIO DE ESTIVAS LTDA.	NB	F	GAE		25/11/2025	C0	500048	MACARRAO	MC01101			K	CDFL		2.000	PAC	2.000	PAC	2,5	BRL	1	0	0	0	0	0	0	1	ZF 1302603	5.000,00
4500138442	70		0	1007286    R. C. COMERCIO DE ESTIVAS LTDA.	NB	F	GAE		25/11/2025	C0	500049	OLEO DE SOJA	MC01101			K	CDFL		1.000	UN	1.000	UN	9,8	BRL	1	0	0	0	0	0	0	1	ZF 1302603	9.800,00
4500138444	10		0	1007286    R. C. COMERCIO DE ESTIVAS LTDA.	NB	F	GAE		25/11/2025	C0	500098	BALA DE GOMA	S009			K	CDFL		1.000	UN	1.000	UN	0,4	BRL	1	0	0	0	0	0	0	1	ZF 1302603	400
4500138444	20		0	1007286    R. C. COMERCIO DE ESTIVAS LTDA.	NB	F	GAE		25/11/2025	C0	500099	BALA MASTIGÁVEL	S009			K	CDFL		68	UN	68	UN	6	BRL	1	0	0	0	0	0	0	1	ZF 1302603	408
4500138444	30		0	1007286    R. C. COMERCIO DE ESTIVAS LTDA.	NB	F	GAE		25/11/2025	C0	500100	BISCOITO RECHEADO	S009			K	CDFL		1.000	UN	1.000	UN	1	BRL	1	0	0	0	0	0	0	1	ZF 1302603	1.000,00
4500138444	40		0	1007286    R. C. COMERCIO DE ESTIVAS LTDA.	NB	F	GAE		25/11/2025	C1	500101	BOMBONS DIVERSOS	S009			K	CDFL		19	UN	19	UN	8	BRL	1	0	0	0	0	0	0	1	ZF 1302603	152
4500138444	50		0	1007286    R. C. COMERCIO DE ESTIVAS LTDA.	NB	F	GAE		25/11/2025	C0	500102	CHICLÉ	S009			K	CDFL		70	UN	70	UN	6,9	BRL	1	0	0	0	0	0	0	1	ZF 1302603	483
4500138444	60		0	1007286    R. C. COMERCIO DE ESTIVAS LTDA.	NB	F	GAE		25/11/2025	C0	500103	PIPOCA	S009			K	CDFL		1.000	UN	1.000	UN	0,6	BRL	1	0	0	0	0	0	0	1	ZF 1302603	600
4500138444	70		0	1007286    R. C. COMERCIO DE ESTIVAS LTDA.	NB	F	GAE		25/11/2025	C0	500104	SALGADINHO DE MILHO	S009			K	CDFL		1.000	UN	1.000	UN	0,39	BRL	1	0	0	0	0	0	0	1	ZF 1302603	390
4500138444	80		0	1007286    R. C. COMERCIO DE ESTIVAS LTDA.	NB	F	GAE		25/11/2025	C0	500105	SUCO DE FRUTA	S009			K	CDFL		1.000	UN	1.000	UN	1,29	BRL	1	0	0	0	0	0	0	1	ZF 1302603	1.290,00
4500138303	10	4600003028	210	1007593    MACLEAN POWER SYSTEMS DO BRASIL LTD	NB	F	A03		24/11/2025	C1	400588	EMENDA PREF COND AL 4/0AWG AM 1295MM	MC11001				CDFL	INVT	210	UN	210	UN	35,06	BRL	1	0	0	210	7.362,81	210	7.362,81	1	ZF 1302603	7.362,81
4500138303	20	4600003028	70	1007593    MACLEAN POWER SYSTEMS DO BRASIL LTD	NB	F	A03		24/11/2025	C1	401753	ALCA PREFORM DIST CAA/CA 1/0AWG 50MM2	MC11001				CDFL	INVT	1.183	UN	1.183	UN	4,82	BRL	1	0	0	1.183	5.698,98	1.183	5.698,98	1	ZF 1302603	5.698,98
4500138303	30	4600003028	80	1007593    MACLEAN POWER SYSTEMS DO BRASIL LTD	NB	F	A03		24/11/2025	C1	800228	ALCA PREFORM DIST CAA/CA 1/0AWG 50MM2	MC11001				CDFL	CUST	1.034	UN	1.034	UN	4,82	BRL	1	0	0	1.034	4.981,19	1.034	4.981,19	1	ZF 1302603	4.981,19
4500138303	40	4600003028	130	1007593    MACLEAN POWER SYSTEMS DO BRASIL LTD	NB	F	A03		24/11/2025	C1	800842	ALCA PREFORM ESTAI 3/8P 9,5MM 889MM	MC11001				CDFL	CUST	733	UN	733	UN	9,11	BRL	1	0	0	733	6.680,56	733	6.680,56	1	ZF 1302603	6.680,56
4500138303	50	4600003028	50	1007593    MACLEAN POWER SYSTEMS DO BRASIL LTD	NB	F	A03		24/11/2025	C1	801199	ALCA PREFORM DIST 4/0 AWG 120MM2	MC11001				CDFL	CUST	339	UN	339	UN	10,51	BRL	1	0	0	339	3.562,55	339	3.562,55	1	ZF 1302603	3.562,55
4500138303	60	4600003028	30	1007593    MACLEAN POWER SYSTEMS DO BRASIL LTD	NB	F	A03		24/11/2025	C1	401435	ALCA PREFORM CA/CAA 2AWG 6/1P 2AWG 625MM	MC11001				CDFL	INVT	777	UN	777	UN	3,29	BRL	1	0	0	777	2.558,04	777	2.558,04	1	ZF 1302603	2.558,04
4500138303	70	4600003028	60	1007593    MACLEAN POWER SYSTEMS DO BRASIL LTD	NB	F	A03		24/11/2025	C1	400366	ALCA PREFORM DIST 4/0 AWG 120MM2	MC11001				CDFL	INVT	903	UN	903	UN	10,51	BRL	1	0	0	903	9.489,63	903	9.489,63	1	ZF 1302603	9.489,63
4500138303	80	4600003028	100	1007593    MACLEAN POWER SYSTEMS DO BRASIL LTD	NB	F	A03		24/11/2025	C1	400375	ALCA PREFORM DIST CAA/CA 2/0AWG 70MM2	MC11001				CDFL	INVT	280	UN	280	UN	5,19	BRL	1	0	0	280	1.453,03	280	1.453,03	1	ZF 1302603	1.453,03
4500138303	90	4600003028	370	1007593    MACLEAN POWER SYSTEMS DO BRASIL LTD	NB	F	A03		24/11/2025	C1	800917	LACO PREF CA 2AWG PESC 57MM PURPURA	MC11001				CDFL	CUST	210	UN	210	UN	2,56	BRL	1	0	0	210	537,07	210	537,07	1	ZF 1302603	537,07
4500138303	120	4600003028	110	1007593    MACLEAN POWER SYSTEMS DO BRASIL LTD	NB	F	A03		24/11/2025	C1	801272	ALCA PREFORM DIST 2AWG 33,63MM2 660MM	MC11001				CDFL	CUST	4	UN	4	UN	3,29	BRL	1	0	0	4	13,17	4	13,17	1	ZF 1302603	13,17
4500138303	130	4600003028	330	1007593    MACLEAN POWER SYSTEMS DO BRASIL LTD	NB	F	A03		24/11/2025	C1	400855	EMENDA PREF COND AL 1/0 AWG 965MM	MC10401				CDFL	INVT	24	UN	24	UN	15,62	BRL	1	0	0	24	374,98	24	374,98	1	ZF 1302603	374,98
4500135845	10	4600003404	10	1007657    RYAN SAIMON RODRIGUES LOPES 7038304	NB	F	GAE		05/11/2025	C0	113690	Teclado básico com fio USB cor preto	MC01702			K	CDFL		30	UN	30	UN	29	BRL	1	0	0	0	0	0	0	1	ZF 1302603	870
4500135845	20	4600003404	20	1007657    RYAN SAIMON RODRIGUES LOPES 7038304	NB	F	GAE		05/11/2025	C0	112669	Mouse USB óptico com fio cor preto.	MC01702			K	CDFL		50	UN	50	UN	29	BRL	1	0	0	0	0	0	0	1	ZF 1302603	1.450,00
4500135845	30	4600003404	30	1007657    RYAN SAIMON RODRIGUES LOPES 7038304	NB	F	GAE		05/11/2025	C0	112387	Mouse USB sem fio preto	MC01702			K	CDFL		10	UN	10	UN	47	BRL	1	0	0	0	0	0	0	1	ZF 1302603	470
4500135845	40	4600003404	40	1007657    RYAN SAIMON RODRIGUES LOPES 7038304	NB	F	GAE		05/11/2025	C0	111928	Headset com cabo usb preto	MC01702			K	CDFL		10	UN	10	UN	134,83	BRL	1	0	0	0	0	0	0	1	ZF 1302603	1.348,30
4500135845	50	4600003404	50	1007657    RYAN SAIMON RODRIGUES LOPES 7038304	NB	F	GAE		05/11/2025	C0	113699	Camera Webcam Full HD	MC01702			K	CDFL		10	UN	10	UN	125,13	BRL	1	0	0	0	0	0	0	1	ZF 1302603	1.251,30
4500135845	60	4600003404	60	1007657    RYAN SAIMON RODRIGUES LOPES 7038304	NB	F	GAE		05/11/2025	C0	113762	Hub Usb 3.0 Extensor Portas Usb para Not	MC01702			K	CDFL		10	UN	10	UN	48,4	BRL	1	0	0	0	0	0	0	1	ZF 1302603	484
4500135845	70	4600003404	70	1007657    RYAN SAIMON RODRIGUES LOPES 7038304	NB	F	GAE		05/11/2025	C0	111930	Adaptador de Rede RJ45 para USB 3.0, 100	MC01702			K	CDFL		10	UN	10	UN	126	BRL	1	0	0	10	1.260,00	10	1.260,00	1	ZF 1302603	1.260,00
4500135845	80	4600003404	80	1007657    RYAN SAIMON RODRIGUES LOPES 7038304	NB	F	GAE		05/11/2025	C0	114145	Sup Notebook Art Dobravel Erg	MC01702			K	CDFL		10	UN	10	UN	77,5	BRL	1	0	0	0	0	0	0	1	ZF 1302603	775
4500135845	90	4600003404	90	1007657    RYAN SAIMON RODRIGUES LOPES 7038304	NB	F	GAE		05/11/2025	C0	110704	Bateria de pico de energia, Heavy Duty,	MC20101			K	CDFL		20	UN	20	UN	29	BRL	1	0	0	20	580	20	580	1	ZF 1302603	580
4500135845	100	4600003404	100	1007657    RYAN SAIMON RODRIGUES LOPES 7038304	NB	F	GAE		05/11/2025	C0	113687	Bateria de Notebook Latitude DELL, model	MC01702			K	CDFL		5	UN	5	UN	340	BRL	1	0	0	5	1.700,00	5	1.700,00	1	ZF 1302603	1.700,00
4500135845	110	4600003404	120	1007657    RYAN SAIMON RODRIGUES LOPES 7038304	NB	F	GAE		05/11/2025	C0	113691	Aspirador de Ar  / Jateador de Ar  	MC01702			K	CDFL		1	UN	1	UN	387,03	BRL	1	0	0	1	387,03	1	387,03	1	ZF 1302603	387,03
4500135845	120	4600003404	130	1007657    RYAN SAIMON RODRIGUES LOPES 7038304	NB	F	GAE		05/11/2025	C0	113638	DDR3 – DIMM, Frequencia 1600 - Desktop D	MC01702			K	CDFL		30	UN	30	UN	105,73	BRL	1	0	0	0	0	0	0	1	ZF 1302603	3.171,90
4500135845	130	4600003404	140	1007657    RYAN SAIMON RODRIGUES LOPES 7038304	NB	F	GAE		05/11/2025	C0	113639	DDR4 – DIMM, Frequencia 2133 - Desktop D	MC01702			K	CDFL		30	UN	30	UN	243,46	BRL	1	0	0	30	7.303,80	30	7.303,80	1	ZF 1302603	7.303,80
4500135845	140	4600003404	110	1007657    RYAN SAIMON RODRIGUES LOPES 7038304	NB	F	GAE		05/11/2025	C0	114146	Cabo hdmi - 05 Metro	MC01702			K	CDFL		10	UN	10	UN	38,7	BRL	1	0	0	0	0	0	0	1	ZF 1302603	387
4500138765	10		0	1007763    SIEMENS INFRAESTRUTURA E INDUSTRIA	NB	F	A14		07/01/2026	C1	407739	TRANSCEPTOR OPTICO MODULAR SFP	MC25001			N	CDFL		2	UN	2	UN	4.512,49	BRL	1	0	0	2	9.024,98	2	9.024,98	1	ZF 1302603	9.024,98
4500135841	10		0	1007800    NORTE COMERCIO DE PECAS E ACESSORIO	NB	F	GAE		05/11/2025	C0	113200	CILINDRO MESTRE	MC00303			K	CDFL		1	UN	1	UN	201	BRL	1	0	0	0	0	0	0	1	ZF 1302603	201
4500135841	20		0	1007800    NORTE COMERCIO DE PECAS E ACESSORIO	NB	F	GAE		05/11/2025	C0	113487	CILINDRO AUXILIAR	MC00303			K	CDFL		1	UN	1	UN	264,52	BRL	1	0	0	0	0	0	0	1	ZF 1302603	264,52
4500135842	10		0	1007800    NORTE COMERCIO DE PECAS E ACESSORIO	NB	F	GAE		05/11/2025	C0	113305	FILTRO DIESEL REF. 1R0766	MC01501			K	CDFL		1	UN	1	UN	104,04	BRL	1	0	0	0	0	0	0	1	ZF 1302603	104,04
4500135842	20		0	1007800    NORTE COMERCIO DE PECAS E ACESSORIO	NB	F	GAE		05/11/2025	C0	113066	FILTRO COMB DIESEL REFIL	MC01501			K	CDFL		2	UN	2	UN	22,4	BRL	1	0	0	0	0	0	0	1	ZF 1302603	44,8
4500135842	30		0	1007800    NORTE COMERCIO DE PECAS E ACESSORIO	NB	F	GAE		05/11/2025	C0	113329	PECA VEICULAR -ALTERNADOR	MC00303			K	CDFL		1	UN	1	UN	1.235,00	BRL	1	0	0	0	0	0	0	1	ZF 1302603	1.235,00
4500135842	40		0	1007800    NORTE COMERCIO DE PECAS E ACESSORIO	NB	F	GAE		05/11/2025	C0	113297	OLEO LUBRIFICANTE DE  MOTOR	MC00301			K	CDFL		1	UN	1	UN	417,85	BRL	1	0	0	0	0	0	0	1	ZF 1302603	417,85
4500135923	10		0	1007800    NORTE COMERCIO DE PECAS E ACESSORIO	NB	F	GAE		06/11/2025	C0	804868	KIT STROBO	MC00303			K	CDFL		1	UN	1	UN	243,03	BRL	1	0	0	0	0	0	0	1	ZF 1302603	243,03
4500135925	10		0	1007800    NORTE COMERCIO DE PECAS E ACESSORIO	NB	F	GAE		06/11/2025	C0	113286	ABRACADEIRA 1P	MC01301			K	CDFL		1	UN	1	UN	149,95	BRL	1	0	0	0	0	0	0	1	ZF 1302603	149,95
4500135926	10		0	1007800    NORTE COMERCIO DE PECAS E ACESSORIO	NB	F	GAE		06/11/2025	C0	113393	OLEO YPF ELAION AURO	MC00303			K	CDFL		8	UN	8	UN	52,92	BRL	1	0	0	0	0	0	0	1	ZF 1302603	423,36
4500135926	20		0	1007800    NORTE COMERCIO DE PECAS E ACESSORIO	NB	F	GAE		06/11/2025	C0	113278	REPARO PASTILHA	MC20301			K	CDFL		1	UN	1	UN	102	BRL	1	0	0	0	0	0	0	1	ZF 1302603	102
4500135926	30		0	1007800    NORTE COMERCIO DE PECAS E ACESSORIO	NB	F	GAE		06/11/2025	C0	113222	CILINDRO DA RODA TRAZEIRA	MC00303			K	CDFL		2	UN	2	UN	72,52	BRL	1	0	0	0	0	0	0	1	ZF 1302603	145,04
4500135927	10		0	1007800    NORTE COMERCIO DE PECAS E ACESSORIO	NB	F	GAE		06/11/2025	C0	113065	BUZINA	MC00303			K	CDFL		1	UN	1	UN	171,79	BRL	1	0	0	0	0	0	0	1	ZF 1302603	171,79
4500135927	20		0	1007800    NORTE COMERCIO DE PECAS E ACESSORIO	NB	F	GAE		06/11/2025	C0	113228	EXTINTOR VEICULAR	MC00303			K	CDFL		1	UN	1	UN	169,61	BRL	1	0	0	0	0	0	0	1	ZF 1302603	169,61
4500135930	10		0	1007800    NORTE COMERCIO DE PECAS E ACESSORIO	NB	F	GAE		06/11/2025	C0	113234	CABECOTE AUTOMATICO	MC01207			K	CDFL		1	UN	1	UN	531,22	BRL	1	0	0	0	0	0	0	1	ZF 1302603	531,22
4500135930	20		0	1007800    NORTE COMERCIO DE PECAS E ACESSORIO	NB	F	GAE		06/11/2025	C0	113501	FECHADURA DA PORTA DIREITA	MC00303			K	CDFL		1	UN	1	UN	210,58	BRL	1	0	0	0	0	0	0	1	ZF 1302603	210,58
4500135930	30		0	1007800    NORTE COMERCIO DE PECAS E ACESSORIO	NB	F	GAE		06/11/2025	C0	113500	FECHADURA DA PORTA ESQUEDA	MC00303			K	CDFL		1	UN	1	UN	210,58	BRL	1	0	0	0	0	0	0	1	ZF 1302603	210,58
4500135931	10		0	1007800    NORTE COMERCIO DE PECAS E ACESSORIO	NB	F	GAE		06/11/2025	C0	113851	SENSOR TEMPERATURA P/ VEICULOS	MC00303			K	CDFL		1	UN	1	UN	97,74	BRL	1	0	0	0	0	0	0	1	ZF 1302603	97,74
4500135932	10		0	1007800    NORTE COMERCIO DE PECAS E ACESSORIO	NB	F	GAE		06/11/2025	C0	113153	COXIM DO MOTOR	MC00303			K	CDFL		2	UN	2	UN	130,26	BRL	1	0	0	0	0	0	0	1	ZF 1302603	260,52
4500135934	10		0	1007800    NORTE COMERCIO DE PECAS E ACESSORIO	NB	F	GAE		06/11/2025	C0	111289	CANO BOMBA INJETORA MWM 6	MC00303			K	CDFL		2	UN	2	UN	189,41	BRL	1	0	0	0	0	0	0	1	ZF 1302603	378,82
4500135935	10		0	1007800    NORTE COMERCIO DE PECAS E ACESSORIO	NB	F	GAE		06/11/2025	C0	113203	OLEO LUBRIFICANTE DE  MOTOR	MC00303			K	CDFL		4	UN	4	UN	303,98	BRL	1	0	0	0	0	0	0	1	ZF 1302603	1.215,92
4500135936	10		0	1007800    NORTE COMERCIO DE PECAS E ACESSORIO	NB	F	GAE		06/11/2025	C0	113106	PALHETA LIMPADOR 23/19 POL (JOGO) L-200	MC00303			K	CDFL		2	UN	2	UN	44,83	BRL	1	0	0	0	0	0	0	1	ZF 1302603	89,66
4500135937	10		0	1007800    NORTE COMERCIO DE PECAS E ACESSORIO	NB	F	GAE		06/11/2025	C0	113245	TUBO SAIDA MOTOR	MC01301			K	CDFL		1	UN	1	UN	270,27	BRL	1	0	0	0	0	0	0	1	ZF 1302603	270,27
4500135937	20		0	1007800    NORTE COMERCIO DE PECAS E ACESSORIO	NB	F	GAE		06/11/2025	C0	113286	ABRACADEIRA DA TURBINA	MC01301			K	CDFL		1	UN	1	UN	140	BRL	1	0	0	0	0	0	0	1	ZF 1302603	140
4500135938	10		0	1007800    NORTE COMERCIO DE PECAS E ACESSORIO	NB	F	GAE		06/11/2025	C0	113098	PIVO SUSPENSAO SUP	MC00303			K	CDFL		2	UN	2	UN	123,4	BRL	1	0	0	0	0	0	0	1	ZF 1302603	246,8
4500135938	20		0	1007800    NORTE COMERCIO DE PECAS E ACESSORIO	NB	F	GAE		06/11/2025	C0	113317	BOMBA DA DIREÇÃO HIDRAULICA	MC01401			K	CDFL		1	UN	1	UN	1.175,06	BRL	1	0	0	0	0	0	0	1	ZF 1302603	1.175,06
4500135959	10		0	1007800    NORTE COMERCIO DE PECAS E ACESSORIO	NB	F	GAE		07/11/2025	C0	113305	FILTRO DIESEL	MC01501			K	CDFL		1	UN	1	UN	104,17	BRL	1	0	0	0	0	0	0	1	ZF 1302603	104,17
4500135959	20		0	1007800    NORTE COMERCIO DE PECAS E ACESSORIO	NB	F	GAE		07/11/2025	C0	113234	CABECOTE DO FILTRO	MC01207			K	CDFL		1	UN	1	UN	136	BRL	1	0	0	0	0	0	0	1	ZF 1302603	136
4500135959	30		0	1007800    NORTE COMERCIO DE PECAS E ACESSORIO	NB	F	GAE		07/11/2025	C0	113066	FILTRO COMB DIESEL	MC01501			K	CDFL		1	UN	1	UN	63,5	BRL	1	0	0	0	0	0	0	1	ZF 1302603	63,5
4500135960	10		0	1007800    NORTE COMERCIO DE PECAS E ACESSORIO	NB	F	GAE		07/11/2025	C0	113239	PORCA SEXTAVADO P/ VEICULOS	MC01301			K	CDFL		2	UN	2	UN	1,59	BRL	1	0	0	0	0	0	0	1	ZF 1302603	3,18
4500135960	20		0	1007800    NORTE COMERCIO DE PECAS E ACESSORIO	NB	F	GAE		07/11/2025	C0	113301	ESPIGÃO PINO CENTRO	MC02101			K	CDFL		2	UN	2	UN	27,3	BRL	1	0	0	0	0	0	0	1	ZF 1302603	54,6
4500135960	30		0	1007800    NORTE COMERCIO DE PECAS E ACESSORIO	NB	F	GAE		07/11/2025	C0	114071	MOLA TRASEIRA	MC01204			K	CDFL		1	UN	1	UN	100,03	BRL	1	0	0	0	0	0	0	1	ZF 1302603	100,03
4500135961	10		0	1007800    NORTE COMERCIO DE PECAS E ACESSORIO	NB	F	GAE		07/11/2025	C0	113162	ROLAMENTO DA RODA DIANT	MC20902			K	CDFL		2	UN	2	UN	77,1	BRL	1	0	0	0	0	0	0	1	ZF 1302603	154,2
4500135961	20		0	1007800    NORTE COMERCIO DE PECAS E ACESSORIO	NB	F	GAE		07/11/2025	C0	111270	ROLAMENTO DA RODA DIANTEIRA INT	MC00303			K	CDFL		2	UN	2	UN	37,95	BRL	1	0	0	0	0	0	0	1	ZF 1302603	75,9
4500135961	30		0	1007800    NORTE COMERCIO DE PECAS E ACESSORIO	NB	F	GAE		07/11/2025	C0	113214	RETENTOR RODA DIANTEIRA	MC00303			K	CDFL		2	UN	2	UN	18,17	BRL	1	0	0	0	0	0	0	1	ZF 1302603	36,34
4500135961	40		0	1007800    NORTE COMERCIO DE PECAS E ACESSORIO	NB	F	GAE		07/11/2025	C0	113280	RETENTOR RODA DIANTEIRA INT	MC02101			K	CDFL		2	UN	2	UN	15,79	BRL	1	0	0	0	0	0	0	1	ZF 1302603	31,58
4500135988	10		0	1007800    NORTE COMERCIO DE PECAS E ACESSORIO	NB	F	GAE		07/11/2025	C0	113263	RETENTOR DA RODA TRASEIRA	MC02101			K	CDFL		1	UN	1	UN	75,11	BRL	1	0	0	0	0	0	0	1	ZF 1302603	75,11
4500135988	20		0	1007800    NORTE COMERCIO DE PECAS E ACESSORIO	NB	F	GAE		07/11/2025	C0	113280	RETENTOR DA RODA DIANTEIRA	MC02101			K	CDFL		2	UN	2	UN	54,23	BRL	1	0	0	0	0	0	0	1	ZF 1302603	108,46
4500135988	30		0	1007800    NORTE COMERCIO DE PECAS E ACESSORIO	NB	F	GAE		07/11/2025	C0	113165	GRAXA	MC00303			K	CDFL		1	UN	1	UN	55,13	BRL	1	0	0	0	0	0	0	1	ZF 1302603	55,13
4500135988	40		0	1007800    NORTE COMERCIO DE PECAS E ACESSORIO	NB	F	GAE		07/11/2025	C0	113162	ROLAMENTO DA RODA TRAS	MC20902			K	CDFL		2	UN	2	UN	181,55	BRL	1	0	0	0	0	0	0	1	ZF 1302603	363,1
4500135988	50		0	1007800    NORTE COMERCIO DE PECAS E ACESSORIO	NB	F	GAE		07/11/2025	C0	113135	ROLAMENTO DA RODA TRAS INT	MC00303			K	CDFL		2	UN	2	UN	224,67	BRL	1	0	0	0	0	0	0	1	ZF 1302603	449,34
4500135988	60		0	1007800    NORTE COMERCIO DE PECAS E ACESSORIO	NB	F	GAE		07/11/2025	C0	805128	TERMINAL CAMBIO EXT	MC00303			K	CDFL		1	UN	1	UN	68,82	BRL	1	0	0	0	0	0	0	1	ZF 1302603	68,82
4500135988	70		0	1007800    NORTE COMERCIO DE PECAS E ACESSORIO	NB	F	GAE		07/11/2025	C0	113225	TERMINAL DO TIRANTE CAMBIO DIR	MC00303			K	CDFL		1	UN	1	UN	41,06	BRL	1	0	0	0	0	0	0	1	ZF 1302603	41,06
4500135988	80		0	1007800    NORTE COMERCIO DE PECAS E ACESSORIO	NB	F	GAE		07/11/2025	C0	113332	TERMINAL DO TIRANTE CAMBIO ESQ	MC00303			K	CDFL		1	UN	1	UN	41,06	BRL	1	0	0	0	0	0	0	1	ZF 1302603	41,06
4500135988	90		0	1007800    NORTE COMERCIO DE PECAS E ACESSORIO	NB	F	GAE		07/11/2025	C0	113226	EMBUCHA DA MANGA EIXO	MC00303			K	CDFL		1	UN	1	UN	926,57	BRL	1	0	0	0	0	0	0	1	ZF 1302603	926,57
4500135988	100		0	1007800    NORTE COMERCIO DE PECAS E ACESSORIO	NB	F	GAE		07/11/2025	C0	801905	KIT SERVO	MC02901			K	CDFL		1	UN	1	UN	1.432,13	BRL	1	0	0	0	0	0	0	1	ZF 1302603	1.432,13
4500135988	110		0	1007800    NORTE COMERCIO DE PECAS E ACESSORIO	NB	F	GAE		07/11/2025	C0	113614	REPARO TRAMBULADOR	MC02201			K	CDFL		1	UN	1	UN	77,52	BRL	1	0	0	0	0	0	0	1	ZF 1302603	77,52
4500135988	120		0	1007800    NORTE COMERCIO DE PECAS E ACESSORIO	NB	F	GAE		07/11/2025	C0	113264	JUNTA  DO CAMBIO	MC03701			K	CDFL		1	UN	1	UN	147,5	BRL	1	0	0	0	0	0	0	1	ZF 1302603	147,5
4500135997	10		0	1007800    NORTE COMERCIO DE PECAS E ACESSORIO	NB	F	GAE		07/11/2025	C0	111959	VALVULA TERMOSTATICA	MC03601			K	CDFL		1	UN	1	UN	110,18	BRL	1	0	0	0	0	0	0	1	ZF 1302603	110,18
4500135997	20		0	1007800    NORTE COMERCIO DE PECAS E ACESSORIO	NB	F	GAE		07/11/2025	C0	113165	GRAXA	MC00303			K	CDFL		1	UN	1	UN	55,13	BRL	1	0	0	0	0	0	0	1	ZF 1302603	55,13
4500135997	30		0	1007800    NORTE COMERCIO DE PECAS E ACESSORIO	NB	F	GAE		07/11/2025	C0	113851	SENSOR TEMPERATURA P/ VEICULOS	MC00303			K	CDFL		1	UN	1	UN	95,96	BRL	1	0	0	0	0	0	0	1	ZF 1302603	95,96
4500135997	40		0	1007800    NORTE COMERCIO DE PECAS E ACESSORIO	NB	F	GAE		07/11/2025	C0	113430	CRUZETA CARDAN P/ VEICULOS	MC00303			K	CDFL		1	UN	1	UN	114,54	BRL	1	0	0	0	0	0	0	1	ZF 1302603	114,54
4500135997	50		0	1007800    NORTE COMERCIO DE PECAS E ACESSORIO	NB	F	GAE		07/11/2025	C0	113056	FLANGE DO CARDAN	MC03501			K	CDFL		1	UN	1	UN	640,8	BRL	1	0	0	0	0	0	0	1	ZF 1302603	640,8
4500135997	60		0	1007800    NORTE COMERCIO DE PECAS E ACESSORIO	NB	F	GAE		07/11/2025	C0	113286	ABRACADEIRA DO SILENCIOSO	MC01301			K	CDFL		2	UN	2	UN	141,77	BRL	1	0	0	0	0	0	0	1	ZF 1302603	283,54
4500135997	70		0	1007800    NORTE COMERCIO DE PECAS E ACESSORIO	NB	F	GAE		07/11/2025	C0	113226	EMBUCHA DA MANGA EIXO	MC00303			K	CDFL		1	UN	1	UN	876,03	BRL	1	0	0	0	0	0	0	1	ZF 1302603	876,03
4500135997	80		0	1007800    NORTE COMERCIO DE PECAS E ACESSORIO	NB	F	GAE		07/11/2025	C0	113979	 CONJUNTO CHIME VW	MC00303			K	CDFL		2	UN	2	UN	103,52	BRL	1	0	0	0	0	0	0	1	ZF 1302603	207,04
4500135997	90		0	1007800    NORTE COMERCIO DE PECAS E ACESSORIO	NB	F	GAE		07/11/2025	C0	113153	COXIM DO MOTOR	MC00303			K	CDFL		2	UN	2	UN	124,34	BRL	1	0	0	0	0	0	0	1	ZF 1302603	248,68
4500135997	100		0	1007800    NORTE COMERCIO DE PECAS E ACESSORIO	NB	F	GAE		07/11/2025	C0	111230	FECHADURA DA CABINE	MC02201			K	CDFL		2	UN	2	UN	189,27	BRL	1	0	0	0	0	0	0	1	ZF 1302603	378,54
4500136006	10		0	1007800    NORTE COMERCIO DE PECAS E ACESSORIO	NB	F	GAE		07/11/2025	C0	113213	VALVULA ESCAPE	MC00303			K	CDFL		8	UN	8	UN	27,44	BRL	1	0	0	0	0	0	0	1	ZF 1302603	219,52
4500136006	20		0	1007800    NORTE COMERCIO DE PECAS E ACESSORIO	NB	F	GAE		07/11/2025	C0	111396	BALANCEIROS	MC00303			K	CDFL		1	UN	1	UN	129,63	BRL	1	0	0	0	0	0	0	1	ZF 1302603	129,63
4500136006	30		0	1007800    NORTE COMERCIO DE PECAS E ACESSORIO	NB	F	GAE		07/11/2025	C0	113264	JUNTA DO COLETOR	MC03701			K	CDFL		4	UN	4	UN	22,24	BRL	1	0	0	0	0	0	0	1	ZF 1302603	88,96
4500136006	40		0	1007800    NORTE COMERCIO DE PECAS E ACESSORIO	NB	F	GAE		07/11/2025	C0	113314	KITS FILTROS	MC01501			K	CDFL		1	UN	1	UN	175,31	BRL	1	0	0	0	0	0	0	1	ZF 1302603	175,31
4500136006	50		0	1007800    NORTE COMERCIO DE PECAS E ACESSORIO	NB	F	GAE		07/11/2025	C0	113214	RETENTOR MOTOR	MC00303			K	CDFL		1	UN	1	UN	160,42	BRL	1	0	0	0	0	0	0	1	ZF 1302603	160,42
4500136006	60		0	1007800    NORTE COMERCIO DE PECAS E ACESSORIO	NB	F	GAE		07/11/2025	C0	111959	VALVULA TERMOSTATICA	MC03601			K	CDFL		1	UN	1	UN	110,18	BRL	1	0	0	0	0	0	0	1	ZF 1302603	110,18
4500136006	70		0	1007800    NORTE COMERCIO DE PECAS E ACESSORIO	NB	F	GAE		07/11/2025	C0	113228	EXTINTOR VEICULAR	MC00303			K	CDFL		1	UN	1	UN	279,37	BRL	1	0	0	0	0	0	0	1	ZF 1302603	279,37
4500136006	80		0	1007800    NORTE COMERCIO DE PECAS E ACESSORIO	NB	F	GAE		07/11/2025	C0	113392	JUNTA DA TAMPA DA VALVULA	MC00303			K	CDFL		1	UN	1	UN	121,84	BRL	1	0	0	0	0	0	0	1	ZF 1302603	121,84
4500136006	90		0	1007800    NORTE COMERCIO DE PECAS E ACESSORIO	NB	F	GAE		07/11/2025	C0	111222	FLUIDO PARAFLU	MC00303			K	CDFL		1	UN	1	UN	745,89	BRL	1	0	0	0	0	0	0	1	ZF 1302603	745,89
4500138240	10		0	1007800    NORTE COMERCIO DE PECAS E ACESSORIO	NB	F	GAE		24/11/2025	C0	113234	CABECOTE DO COMPRESSOR	MC01207			K	CDFL		1	UN	1	UN	940,77	BRL	1	0	0	0	0	0	0	1	ZF 1302603	940,77
4500138240	20		0	1007800    NORTE COMERCIO DE PECAS E ACESSORIO	NB	F	GAE		24/11/2025	C0	113278	REPARO DO COMPRESSOR	MC20301			K	CDFL		1	UN	1	UN	156,23	BRL	1	0	0	0	0	0	0	1	ZF 1302603	156,23
4500138759	10		0	1007800    NORTE COMERCIO DE PECAS E ACESSORIO	NB	F	A16		06/01/2026	C0	111465	RELE	MC21601			K	CDFL		2	UN	2	UN	19,13	BRL	1	0	0	2	38,26	2	38,26	1	ZF 1302603	38,26
4500138410	10	4600003228	30	1008595    WASION DA AMAZONIA INDUSTRIA DE INS	NB	F	A16		25/11/2025	C0	402592	MED EL 3E 4F 120V 120A GD B	MC12501				CDFL	INVT	2.759	UN	2.759	UN	122	BRL	1	0	0	2.759	336.598,00	2.759	336.598,00	1	ZF 1302603	336.598,00
4500135829	10		0	1008610    L J GUERRA E CIA LTDA	NB	F	GAE		05/11/2025	C1	114082	AUTOMATICO P/ BOMBA	MC00303			K	CDFL		1	UN	1	UN	112,67	BRL	1	0	0	0	0	0	0	1	ZF 1302603	112,67
4500135829	20		0	1008610    L J GUERRA E CIA LTDA	NB	F	GAE		05/11/2025	C1	113416	BOMBA DE PORAO 2000	MC00303			K	CDFL		1	UN	1	UN	138,52	BRL	1	0	0	0	0	0	0	1	ZF 1302603	138,52
4500138755	10		0	1008610    L J GUERRA E CIA LTDA	NB	F	A16		30/12/2025	C1	804603	TALHA MANUAL CORRENTE CAP. 2TON	MC00901				CDFL	CUST	1	UN	1	UN	944,14	BRL	1	0	0	0	0	0	0	1	ZF 1302603	944,14
4500138755	20		0	1008610    L J GUERRA E CIA LTDA	NB	F	A16		30/12/2025	C0	803637	BROCA 12MM PARA FERRO	MC01401				CDFL	CUST	5	UN	5	UN	16,97	BRL	1	0	0	0	0	0	0	1	ZF 1302603	84,85
4500138755	30		0	1008610    L J GUERRA E CIA LTDA	NB	F	A16		30/12/2025	C1	802229	CHAVE COMBINADA CATRACA 27MM	MC01401				CDFL	CUST	1	UN	1	UN	119,22	BRL	1	0	0	0	0	0	0	1	ZF 1302603	119,22
4500138526	10	4600003433	10	1009016    DELL COMPUTADORES DO BRASIL LTDA	NB	F	GAE		27/11/2025	C1	404553	TERMINAL DE COMPUTADOR SERVIDOR SAGE	MC01702				CDFL	INVT	2	UN	2	UN	62.103,27	BRL	1	0	0	2	124.206,53	2	124.206,53	1	ZF 1302603	124.206,53
4500138526	20	4600003433	20	1009016    DELL COMPUTADORES DO BRASIL LTDA	NB	F	GAE		27/11/2025	C1	402600	MONITOR 23,8 POL	MC01702				CDFL	INVT	8	UN	8	UN	818,11	BRL	1	0	0	8	6.544,89	8	6.544,89	1	ZF 1302603	6.544,89
4500138526	30	4600003433	30	1009016    DELL COMPUTADORES DO BRASIL LTDA	NB	F	GAE		27/11/2025	C1	408990	TRILHOS DESLIZANTES	MC01702				CDFL	INVT	2	UN	2	UN	209,05	BRL	1	0	0	2	418,1	2	418,1	1	ZF 1302603	418,1
4500138526	40	4600003433	40	1009016    DELL COMPUTADORES DO BRASIL LTDA	NB	F	GAE		27/11/2025	C1	407057	TRILHO ORGANIZADOR CABOS/SERVIDOR	MC00901				CDFL	INVT	2	UN	2	UN	122,56	BRL	1	0	0	2	245,11	2	245,11	1	ZF 1302603	245,11
4500138726	10		0	1009313    ANDRA S A ELECTRIC SOLUTIONS	NB	F	GAE		20/12/2025	C1	805262	CABO CONDUTOR 266 MCM PARTRIDGE	MC10101				CDFL	CUST	10	UN	10	UN	38,87	BRL	1	0	0	10	388,74	10	388,74	1	ZF 1302603	388,74
4500137990	10	4600003089	40	1009464    FISCHER INDUSTRIA MECANICA LTDA	NB	F	A03		24/11/2025	C1	801081	MANILHA SAPATILHA 6800KGF	MC12002				CDFL	CUST	569	UN	569	UN	19,73	BRL	1	0	0	569	11.228,99	569	11.228,99	1	ZF 1302603	11.228,99
4500137990	20	4600003089	30	1009464    FISCHER INDUSTRIA MECANICA LTDA	NB	F	A03		24/11/2025	C1	800496	MANILHA SAPATILHA 5000DAN ETELB-054/2013	MC12002				CDFL	CUST	726	UN	726	UN	19,24	BRL	1	0	0	726	13.969,47	726	13.969,47	1	ZF 1302603	13.969,47
4500137990	30	4600003089	50	1009464    FISCHER INDUSTRIA MECANICA LTDA	NB	F	A03		24/11/2025	C1	800105	MANILHA AC 16MM 80MM 22MM 13500DAN	MC12002				CDFL	CUST	100	UN	100	UN	57,44	BRL	1	0	0	100	5.743,68	100	5.743,68	1	ZF 1302603	5.743,68
4500137993	10	4600003089	10	1009464    FISCHER INDUSTRIA MECANICA LTDA	NB	F	A03		24/11/2025	C1	401927	MANILHA SAPATILHA 5000DAN ETELB-054/2013	MC12002				CDFL	INVT	1.050	UN	1.050	UN	19,24	BRL	1	0	0	1.050	20.203,78	1.050	20.203,78	1	ZF 1302603	20.203,78
4500136027	10		0	1009534    BONNA VITTA INDUSTRIA E COMERCIO LT	NB	F	GAE		10/11/2025	C0	500051	FRANGO INTEIRO CONGELADO	MC01101			K	CDFL		2.540	KG	2.540	KG	9,8	BRL	1	0	0	0	0	0	0	1	ZF 1302603	24.892,00
4500136438	10		0	1009534    BONNA VITTA INDUSTRIA E COMERCIO LT	NB	F	GAE		14/11/2025	C0	500051	FRANGO INTEIRO CONGELADO	MC01101			K	CDFL		2.540	KG	2.540	KG	9,8	BRL	1	0	0	0	0	0	0	1	ZF 1302603	24.892,00
4500137968	10		0	1009534    BONNA VITTA INDUSTRIA E COMERCIO LT	NB	F	GAE		24/11/2025	C0	500051	FRANGO INTEIRO CONGELADO	MC01101			K	CDFL		2.540	KG	2.540	KG	9,8	BRL	1	0	0	0	0	0	0	1	ZF 1302603	24.892,00
4500138446	10		0	1009534    BONNA VITTA INDUSTRIA E COMERCIO LT	NB	F	GAE		25/11/2025	C0	500051	FRANGO INTEIRO CONGELADO	MC01101			K	CDFL		2.540	KG	2.540	KG	9,8	BRL	1	0	0	0	0	0	0	1	ZF 1302603	24.892,00
4500138300	10	4600002620	90	1009609    CROSSFOX COMERCIO DE CONDUTORES ELE	NB	F	GAE		24/11/2025	C1	402105	CONECTOR AUTO PERF DU 70-240 / 70-240MM2	MC12002				CDFL	INVT	500	UN	500	UN	34,19	BRL	1	0	0	500	17.093,40	500	17.093,40	1	ZF 1302603	17.093,40
4500135826	10		0	1010052    PMZ DISTRIBUIDORA S.A - 0001-07	NB	F	GAE		05/11/2025	C0	113257	BATERIA AUTOMOTIVA 70AH	MC20101			K	CDFL		1	UN	1	UN	499,07	BRL	1	0	0	0	0	0	0	1	ZF 1302603	499,07
4500135827	10		0	1010052    PMZ DISTRIBUIDORA S.A - 0001-07	NB	F	GAE		05/11/2025	C0	113213	VALVULA	MC00303			K	CDFL		4	UN	4	UN	1,17	BRL	1	0	0	0	0	0	0	1	ZF 1302603	4,68
4500135827	20		0	1010052    PMZ DISTRIBUIDORA S.A - 0001-07	NB	F	GAE		05/11/2025	C0	113218	PNEU 265/65 R17	MC00303			K	CDFL		4	UN	4	UN	418,5	BRL	1	0	0	0	0	0	0	1	ZF 1302603	1.674,00
4500137950	10	4600003062	40	1010868    ONIX DISTRIBUIDORA DE PRODUTOS ELET	NB	F	A03		21/11/2025	C1	801313	PINO ISOLADOR AC 25X294X19MM	MC10902				CDFL	CUST	399	UN	399	UN	21,44	BRL	1	0	0	399	8.553,16	399	8.553,16	1	ZF 1302603	8.553,16
4500137950	20	4600003062	20	1010868    ONIX DISTRIBUIDORA DE PRODUTOS ELET	NB	F	A03		21/11/2025	C1	801087	GANCHO OLHAL AC 17MM 5000KGF	MC12002				CDFL	CUST	401	UN	401	UN	10,17	BRL	1	0	0	401	4.079,85	401	4.079,85	1	ZF 1302603	4.079,85
4500137950	30	4600003062	10	1010868    ONIX DISTRIBUIDORA DE PRODUTOS ELET	NB	F	A03		21/11/2025	C1	800541	PORCA QUADRADA AC 16MM 2MM	MC01301				CDFL	CUST	1.646	UN	1.646	UN	0,98	BRL	1	0	0	1.646	1.607,32	1.646	1.607,32	1	ZF 1302603	1.607,32
4500137970	10	4600003062	90	1010868    ONIX DISTRIBUIDORA DE PRODUTOS ELET	NB	F	A03		24/11/2025	C1	401264	PINO ISOLADOR AC 25X294X19MM	MC10902				CDFL	INVT	3.788	UN	3.788	UN	21,44	BRL	1	0	0	3.788	81.201,46	3.788	81.201,46	1	ZF 1302603	81.201,46
4500137970	20	4600003062	70	1010868    ONIX DISTRIBUIDORA DE PRODUTOS ELET	NB	F	A03		24/11/2025	C1	402296	GANCHO OLHAL AC 17MM 5000KGF	MC12002				CDFL	INVT	1.938	UN	1.938	UN	10,17	BRL	1	0	0	1.938	19.717,60	1.938	19.717,60	1	ZF 1302603	19.717,60
4500137970	30	4600003062	60	1010868    ONIX DISTRIBUIDORA DE PRODUTOS ELET	NB	F	A03		24/11/2025	C1	402041	ARRUELA QD 5/8P	MC01301				CDFL	INVT	6.410	UN	6.410	UN	0,76	BRL	1	0	0	6.410	4.888,27	6.410	4.888,27	1	ZF 1302603	4.888,27
4500137970	40	4600003062	50	1010868    ONIX DISTRIBUIDORA DE PRODUTOS ELET	NB	F	A03		24/11/2025	C1	400974	PORCA QUADRADA AC 16MM 2MM	MC01301				CDFL	INVT	4.388	UN	4.388	UN	0,98	BRL	1	0	0	4.388	4.284,88	4.388	4.284,88	1	ZF 1302603	4.284,88
4500137977	10	4600003062	20	1010868    ONIX DISTRIBUIDORA DE PRODUTOS ELET	NB	F	A03		24/11/2025	C1	801087	GANCHO OLHAL AC 17MM 5000KGF	MC12002				CDFL	CUST	401	UN	401	UN	10,17	BRL	1	0	0	401	4.079,85	401	4.079,85	1	ZF 1302603	4.079,85
4500137977	20	4600003062	10	1010868    ONIX DISTRIBUIDORA DE PRODUTOS ELET	NB	F	A03		24/11/2025	C1	800541	PORCA QUADRADA AC 16MM 2MM	MC01301				CDFL	CUST	722	UN	722	UN	0,98	BRL	1	0	0	722	705,03	722	705,03	1	ZF 1302603	705,03
4500137977	30	4600003062	40	1010868    ONIX DISTRIBUIDORA DE PRODUTOS ELET	NB	F	A03		24/11/2025	C1	801313	PINO ISOLADOR AC 25X294X19MM	MC10902				CDFL	CUST	1.283	UN	1.283	UN	21,44	BRL	1	0	0	1.283	27.503,03	1.283	27.503,03	1	ZF 1302603	27.503,03
4500137994	10	4600003074	40	1010868    ONIX DISTRIBUIDORA DE PRODUTOS ELET	NB	F	A01		24/11/2025	C1	400140	ISOLADOR RODL PORC 15KV 81X47MM 1350DAN	MC10902				CDFL	INVT	1.230	UN	1.230	UN	7,06	BRL	1	0	0	1.230	8.682,20	1.230	8.682,20	1	ZF 1302603	8.682,20
4500135901	10	4600003056	100	1011333    MEGACABOS IND E COM DE FIOS E CABOS	NB	F	A01		06/11/2025	C1	400708	CABO ELETR 15KV AL PROT XLPE 50MM2 1F MT	MC10101				CDFL	INVT	23.303	M	23.303	M	4,85	BRL	1	0	0	23.303	113.126,74	23.303	113.126,74	1	ZF 1302603	113.126,74
4500135901	20	4600003056	120	1011333    MEGACABOS IND E COM DE FIOS E CABOS	NB	F	A01		06/11/2025	C1	407336	CABO ELETR 15KV AL PROT XLPE 70MM2 1F MT	MC10101				CDFL	INVT	1.981	M	1.981	M	6,58	BRL	1	0	0	1.981	13.043,70	1.981	13.043,70	1	ZF 1302603	13.043,70
4500137857	10	4600003056	160	1011333    MEGACABOS IND E COM DE FIOS E CABOS	NB	F	A01		20/11/2025	C1	400730	CABO ELET 15KV AL PROT XLPE 185MM2 1F MT	MC10101				CDFL	INVT	24.000	M	24.000	M	15,48	BRL	1	0	0	24.000	371.628,00	24.000	371.628,00	1	ZF 1302603	371.628,00
4500137857	20	4600003056	170	1011333    MEGACABOS IND E COM DE FIOS E CABOS	NB	F	A01		20/11/2025	C1	400459	CABO ELETR 15KV AL PROT XLPE 35MM2 1F MT	MC10101				CDFL	INVT	2.790	M	2.790	M	3,86	BRL	1	0	0	2.790	10.768,00	2.790	10.768,00	1	ZF 1302603	10.768,00
4500137952	10	4600002545	140	1011711    POOL ENGENHARIA, SERVICO, INDUSTRIA	NB	F	A03		21/11/2025	C0	400968	POSTE FIBRA VIDRO 11M 200DAN	MC12001				CDFL	INVT	50	UN	50	UN	1.801,00	BRL	1	0	0	50	90.050,00	50	90.050,00	1	ZF 1302603	90.050,00
4500138188	10	4600002545	140	1011711    POOL ENGENHARIA, SERVICO, INDUSTRIA	NB	F	A03		24/11/2025	C0	400968	POSTE FIBRA VIDRO 11M 200DAN	MC12001				CDFL	INVT	23	UN	23	UN	1.801,00	BRL	1	0	0	23	41.423,00	23	41.423,00	1	ZF 1302603	41.423,00
4500135716	20	4600003165	10	1012974    FRONTEC INDUSTRIA DE COMPONENTES DE	NB	F	A03		03/11/2025	C1	403499	ABRACADEIRA PLAS 300 X 4,80MM	MC02901				CDFL	INVT	90	UN	90	UN	0,15	BRL	1	0	0	90	13,39	90	13,39	1	ZF 1302603	13,39
4500135716	30	4600003165	30	1012974    FRONTEC INDUSTRIA DE COMPONENTES DE	NB	F	A03		03/11/2025	C1	403602	ABRACADEIRA PLAS UV 525X8,90MM TRI	MC02901				CDFL	INVT	19.620	UN	19.620	UN	0,99	BRL	1	0	0	19.620	19.341,40	19.620	19.341,40	1	ZF 1302603	19.341,40
4500137969	10	4600003123	20	1013522    MATERIAIS ELETRICOS STRAHL LTDA	NB	F	A03		24/11/2025	C1	804115	CAIXA PARA MEDIDOR POLIFASICA VIS. VIDRO	MC01501				CDFL	CUST	930	UN	930	UN	51,15	BRL	1	0	0	930	47.569,50	930	47.569,50	1	ZF 1302603	47.569,50
4500135828	10		0	1013689    PMZ DISTRIBUIDORA S.A - 0025-84	NB	F	GAE		05/11/2025	C0	113256	OLEO LUBRICANTE 15W40	MC00301			K	CDFL		9	UN	9	UN	48,94	BRL	1	0	0	0	0	0	0	1	ZF 1302603	440,46
4500136024	10		0	1013689    PMZ DISTRIBUIDORA S.A - 0025-84	NB	F	GAE		10/11/2025	C0	113599	CATRACA AJUSTADOR FREIO AUT TRAS	MC02201			K	CDFL		1	UN	1	UN	255,19	BRL	1	0	0	0	0	0	0	1	ZF 1302603	255,19
4500136024	20		0	1013689    PMZ DISTRIBUIDORA S.A - 0025-84	NB	F	GAE		10/11/2025	C0	113977	CATRACA AJUSTADOR FREIO AUT TRAS	MC00303			K	CDFL		1	UN	1	UN	255,19	BRL	1	0	0	0	0	0	0	1	ZF 1302603	255,19
4500136219	10		0	1014317    REVEMAR NORTE COMERCIO DE AUTOMOVEI	NB	F	GAE		12/11/2025	C0	113203	OLEO LUBRIFICANTE DE  MOTOR	MC00303			K	CDFL		4	UN	4	UN	69	BRL	1	0	0	0	0	0	0	1	ZF 1302603	276
4500136219	20		0	1014317    REVEMAR NORTE COMERCIO DE AUTOMOVEI	NB	F	GAE		12/11/2025	C0	113266	ANEL 07000-02014	MC03601			K	CDFL		1	UN	1	UN	21	BRL	1	0	0	0	0	0	0	1	ZF 1302603	21
4500136219	30		0	1014317    REVEMAR NORTE COMERCIO DE AUTOMOVEI	NB	F	GAE		12/11/2025	C0	113156	FILTRO COMB	MC01501			K	CDFL		1	UN	1	UN	44,3	BRL	1	0	0	0	0	0	0	1	ZF 1302603	44,3
4500136219	40		0	1014317    REVEMAR NORTE COMERCIO DE AUTOMOVEI	NB	F	GAE		12/11/2025	C0	113158	FILTRO OLEO LUBR	MC01501			K	CDFL		1	UN	1	UN	117	BRL	1	0	0	0	0	0	0	1	ZF 1302603	117
4500136219	60		0	1014317    REVEMAR NORTE COMERCIO DE AUTOMOVEI	NB	F	GAE		12/11/2025	C0	802880	PASTA 09920-00150	MC02101			K	CDFL		4	UN	4	UN	4,29	BRL	1	0	0	0	0	0	0	1	ZF 1302603	17,16
4500135717	10	4600003164	40	1014880    ANDRA S A ELECTRIC SOLUTIONS	NB	F	A14		03/11/2025	C1	403121	FITA ISOLANTE ELET PVC 19X0,19MM 20M PT	MC10903				CDFL	INVT	200	UN	200	UN	20,12	BRL	1	0	0	200	4.023,18	200	4.023,18	1	ZF 1302603	4.023,18
4500135721	10	4600003418	10	1014880    ANDRA S A ELECTRIC SOLUTIONS	NB	F	A13		03/11/2025	C1	401678	TRAFO POT 13,8/?3KV-115V;REL70-1; 0,3P75	MC22102				CDFL	INVT	31	UN	31	UN	2.511,00	BRL	1	0	0	31	77.841,00	31	77.841,00	1	ZF 1302603	77.841,00
4500138006	10	4600003164	30	1014880    ANDRA S A ELECTRIC SOLUTIONS	NB	F	A14		24/11/2025	C1	800852	FITA ISOLANTE ELET PVC 19X0,19MM 20M PT	MC10903				CDFL	CUST	2.095	UN	2.095	UN	20,12	BRL	1	0	0	2.095	42.142,81	2.095	42.142,81	1	ZF 1302603	42.142,81
4500138006	20	4600003164	10	1014880    ANDRA S A ELECTRIC SOLUTIONS	NB	F	A14		24/11/2025	C1	402587	FITA ISOL EPR 0,76X19MM 10M PT	MC10903				CDFL	INVT	50	UN	50	UN	24,18	BRL	1	0	0	50	1.209,00	50	1.209,00	1	ZF 1302603	1.209,00
4500137406	10		0	1016844    FIORI VEICOLO S.A	NB	F	GAE		19/11/2025	C0	113158	FILTRO OLEO LUBR	MC01501			K	CDFL		1	UN	1	UN	128,26	BRL	1	0	0	0	0	0	0	1	ZF 1302603	128,26
4500137406	20		0	1016844    FIORI VEICOLO S.A	NB	F	GAE		19/11/2025	C0	113156	FILTRO COMB	MC01501			K	CDFL		1	UN	1	UN	41,55	BRL	1	0	0	0	0	0	0	1	ZF 1302603	41,55
4500137406	30		0	1016844    FIORI VEICOLO S.A	NB	F	GAE		19/11/2025	C0	113191	ELEMENTO FILTRANTE MOTOR	MC00303			K	CDFL		1	UN	1	UN	117,98	BRL	1	0	0	0	0	0	0	1	ZF 1302603	117,98
4500137406	40		0	1016844    FIORI VEICOLO S.A	NB	F	GAE		19/11/2025	C0	113256	OLEO LUBRICANTE 15W40	MC00301			K	CDFL		4,8	UN	4,8	UN	66,82	BRL	1	0	0	0	0	0	0	1	ZF 1302603	320,74
4500137406	50		0	1016844    FIORI VEICOLO S.A	NB	F	GAE		19/11/2025	C0	113125	FLUIDO FREIO DOT4 500 ML 2264300 20X1	MC00303			K	CDFL		1	UN	1	UN	130,58	BRL	1	0	0	0	0	0	0	1	ZF 1302603	130,58
4500138541	10		0	1016871    FRIOS PARANA LTDA	NB	F	GAE		27/11/2025	C0	500051	FRANGO INTEIRO CONGELADO	MC01101			K	CDFL		1.440	KG	1.440	KG	9,69	BRL	1	0	0	0	0	0	0	1	ZF 1302603	13.953,60
4500135823	10		0	1018105    ESPANTALHO PNEUS LTDA	NB	F	GAE		05/11/2025	C0	113087	PNEU 265/70R 16	MC00303			K	CDFL		2	UN	2	UN	1.885,00	BRL	1	0	0	0	0	0	0	1	ZF 1302603	3.770,00
4500135823	20		0	1018105    ESPANTALHO PNEUS LTDA	NB	F	GAE		05/11/2025	C0	110701	CAMARA AR 750X16 P/VEICULO TOYOTA	MC00303			K	CDFL		2	UN	2	UN	195	BRL	1	0	0	0	0	0	0	1	ZF 1302603	390
4500135823	30		0	1018105    ESPANTALHO PNEUS LTDA	NB	F	GAE		05/11/2025	C0	113197	PROTETOR AUTOMOTIVO	MC00303			K	CDFL		2	UN	2	UN	130	BRL	1	0	0	0	0	0	0	1	ZF 1302603	260
4500136343	10		0	1018105    ESPANTALHO PNEUS LTDA	NB	F	GAE		13/11/2025	C0	113219	PNEU 185/60 R15	MC00303			K	CDFL		4	UN	4	UN	311	BRL	1	0	0	0	0	0	0	1	ZF 1302603	1.244,00
4500136343	20		0	1018105    ESPANTALHO PNEUS LTDA	NB	F	GAE		13/11/2025	C0	113213	VALVULA	MC00303			K	CDFL		4	UN	4	UN	10	BRL	1	0	0	0	0	0	0	1	ZF 1302603	40
4500135824	10		0	1018111    FORTBRAS AUTOPECAS S.A.	NB	F	GAE		05/11/2025	C0	113235	CJ PARAFUSO RODA	MC01301			K	CDFL		12	UN	12	UN	19,77	BRL	1	0	0	0	0	0	0	1	ZF 1302603	237,24
4500138242	10		0	1018111    FORTBRAS AUTOPECAS S.A.	NB	F	GAE		24/11/2025	C0	113393	OLEO YPF ELAION AURO	MC00303			K	CDFL		8	UN	8	UN	64,12	BRL	1	0	0	0	0	0	0	1	ZF 1302603	512,96
4500138242	20		0	1018111    FORTBRAS AUTOPECAS S.A.	NB	F	GAE		24/11/2025	C0	113156	FILTRO COMB	MC01501			K	CDFL		1	UN	1	UN	121,69	BRL	1	0	0	0	0	0	0	1	ZF 1302603	121,69
4500138242	30		0	1018111    FORTBRAS AUTOPECAS S.A.	NB	F	GAE		24/11/2025	C0	113108	TERMINAL DIRECAO DIREITO	MC00303			K	CDFL		1	UN	1	UN	63,24	BRL	1	0	0	0	0	0	0	1	ZF 1302603	63,24
4500138242	40		0	1018111    FORTBRAS AUTOPECAS S.A.	NB	F	GAE		24/11/2025	C0	113339	BARRA AXIAL PARA VEICULOS	MC00303			K	CDFL		1	UN	1	UN	72,69	BRL	1	0	0	0	0	0	0	1	ZF 1302603	72,69
4500138243	10		0	1018111    FORTBRAS AUTOPECAS S.A.	NB	F	GAE		24/11/2025	C0	113393	OLEO YPF ELAION AURO	MC00303			K	CDFL		8	UN	8	UN	64,12	BRL	1	0	0	0	0	0	0	1	ZF 1302603	512,96
4500138243	20		0	1018111    FORTBRAS AUTOPECAS S.A.	NB	F	GAE		24/11/2025	C0	113156	FILTRO COMB	MC01501			K	CDFL		1	UN	1	UN	121,69	BRL	1	0	0	0	0	0	0	1	ZF 1302603	121,69
4500138243	30		0	1018111    FORTBRAS AUTOPECAS S.A.	NB	F	GAE		24/11/2025	C0	113071	OLEO LUBRIF SPEED TECNO SEMI SINTETICO	MC00301			K	CDFL		3	UN	3	UN	49,95	BRL	1	0	0	0	0	0	0	1	ZF 1302603	149,85
4500138243	40		0	1018111    FORTBRAS AUTOPECAS S.A.	NB	F	GAE		24/11/2025	C0	113081	CORREIA DENTADA	MC00303			K	CDFL		1	UN	1	UN	83,45	BRL	1	0	0	0	0	0	0	1	ZF 1302603	83,45
4500138243	50		0	1018111    FORTBRAS AUTOPECAS S.A.	NB	F	GAE		24/11/2025	C0	113181	SENSOR VELOCIDADE VW	MC00303			K	CDFL		1	UN	1	UN	148,58	BRL	1	0	0	0	0	0	0	1	ZF 1302603	148,58
4500138244	10		0	1018111    FORTBRAS AUTOPECAS S.A.	NB	F	GAE		24/11/2025	C0	113108	TERMINAL DIRECAO DIREITO	MC00303			K	CDFL		2	UN	2	UN	63,24	BRL	1	0	0	0	0	0	0	1	ZF 1302603	126,48
4500138244	20		0	1018111    FORTBRAS AUTOPECAS S.A.	NB	F	GAE		24/11/2025	C0	113339	BARRA AXIAL PARA VEICULOS	MC00303			K	CDFL		2	UN	2	UN	76,45	BRL	1	0	0	0	0	0	0	1	ZF 1302603	152,9
4500138244	30		0	1018111    FORTBRAS AUTOPECAS S.A.	NB	F	GAE		24/11/2025	C0	113075	BICO ENCHER PNEU DUPLO	MC00303			K	CDFL		8	UN	8	UN	2,55	BRL	1	0	0	0	0	0	0	1	ZF 1302603	20,4
4500138245	10		0	1018111    FORTBRAS AUTOPECAS S.A.	NB	F	GAE		24/11/2025	C0	113393	OLEO YPF ELAION AURO	MC00303			K	CDFL		8	UN	8	UN	64,12	BRL	1	0	0	0	0	0	0	1	ZF 1302603	512,96
4500138245	20		0	1018111    FORTBRAS AUTOPECAS S.A.	NB	F	GAE		24/11/2025	C0	113156	FILTRO COMB	MC01501			K	CDFL		1	UN	1	UN	121,69	BRL	1	0	0	0	0	0	0	1	ZF 1302603	121,69
4500138245	30		0	1018111    FORTBRAS AUTOPECAS S.A.	NB	F	GAE		24/11/2025	C0	113160	PASTILHA FREIO VW	MC00303			K	CDFL		1	UN	1	UN	154,39	BRL	1	0	0	0	0	0	0	1	ZF 1302603	154,39
4500138245	40		0	1018111    FORTBRAS AUTOPECAS S.A.	NB	F	GAE		24/11/2025	C0	113081	CORREIA DENTADA	MC00303			K	CDFL		1	UN	1	UN	83,45	BRL	1	0	0	0	0	0	0	1	ZF 1302603	83,45
4500138245	50		0	1018111    FORTBRAS AUTOPECAS S.A.	NB	F	GAE		24/11/2025	C0	113071	OLEO LUBRIF SPEED TECNO SEMI SINTETICO	MC00301			K	CDFL		3	UN	3	UN	49,95	BRL	1	0	0	0	0	0	0	1	ZF 1302603	149,85
4500138245	60		0	1018111    FORTBRAS AUTOPECAS S.A.	NB	F	GAE		24/11/2025	C0	113235	PARAFUSO 0101081030	MC01301			K	CDFL		1	UN	1	UN	19,77	BRL	1	0	0	0	0	0	0	1	ZF 1302603	19,77
4500138246	10		0	1018111    FORTBRAS AUTOPECAS S.A.	NB	F	GAE		24/11/2025	C0	113108	TERMINAL DIRECAO DIREITO	MC00303			K	CDFL		2	UN	2	UN	66,18	BRL	1	0	0	0	0	0	0	1	ZF 1302603	132,36
4500138246	20		0	1018111    FORTBRAS AUTOPECAS S.A.	NB	F	GAE		24/11/2025	C0	113339	BARRA AXIAL PARA VEICULOS	MC00303			K	CDFL		2	UN	2	UN	76,45	BRL	1	0	0	0	0	0	0	1	ZF 1302603	152,9
4500138246	30		0	1018111    FORTBRAS AUTOPECAS S.A.	NB	F	GAE		24/11/2025	C0	113160	PASTILHA FREIO VW	MC00303			K	CDFL		1	UN	1	UN	154,39	BRL	1	0	0	0	0	0	0	1	ZF 1302603	154,39
4500138246	40		0	1018111    FORTBRAS AUTOPECAS S.A.	NB	F	GAE		24/11/2025	C0	113075	BICO ENCHER PNEU DUPLO	MC00303			K	CDFL		2	UN	2	UN	2,55	BRL	1	0	0	0	0	0	0	1	ZF 1302603	5,1
4500138239	10		0	1018329    W MECANICA LTDA	NB	F	GAE		24/11/2025	C0	113063	MANGUEIRA HIDRAULICO	MC00303			K	CDFL		2	UN	2	UN	280	BRL	1	0	0	0	0	0	0	1	ZF 1302603	560
4500138754	10		0	1018867    JCARVALHO CABOS LTDA	NB	F	A16		30/12/2025	C1	801316	CORDOALHA AC 9,5MM 3/8P 7F 4900DAN	MC10001			K	CDFL		670	KG	670	KG	1.948,19	BRL	100	0	0	0	0	0	0	1	ZF 1302603	13.052,88
4500138754	20		0	1018867    JCARVALHO CABOS LTDA	NB	F	A16		30/12/2025	C1	401036	CORDOALHA AC 9,5MM 3/8P 7F 4900DAN	MC10001			N	CDFL		3.000	KG	3.000	KG	1.948,19	BRL	100	0	0	0	0	0	0	1	ZF 1302603	58.445,76
4500136344	10		0	1019724    SANTOS COMERCIO A VAREJO DE PECAS P	NB	F	GAE		13/11/2025	C0	113204	BOBINA IGNICAO	MC00303			K	CDFL		1	UN	1	UN	200	BRL	1	0	0	0	0	0	0	1	ZF 1302603	200
4500136344	20		0	1019724    SANTOS COMERCIO A VAREJO DE PECAS P	NB	F	GAE		13/11/2025	C0	113112	VELA IGNICAO	MC00303			K	CDFL		1	UN	1	UN	100	BRL	1	0	0	0	0	0	0	1	ZF 1302603	100
4500136344	30		0	1019724    SANTOS COMERCIO A VAREJO DE PECAS P	NB	F	GAE		13/11/2025	C0	113324	KIT AMORTECEDOR	MC00303			K	CDFL		2	UN	2	UN	140	BRL	1	0	0	0	0	0	0	1	ZF 1302603	280
4500136344	40		0	1019724    SANTOS COMERCIO A VAREJO DE PECAS P	NB	F	GAE		13/11/2025	C0	113119	CABO VELA	MC00303			K	CDFL		2	UN	2	UN	230	BRL	1	0	0	1	230	1	230	1	ZF 1302603	460
4500138298	10	4600003055	60	1020062    CROSSFOX COMERCIO	NB	F	A03		24/11/2025	C1	800872	CONECTOR AUTO PERF DU 70-240 / 70-240MM2	MC12002				CDFL	CUST	2.297	UN	2.297	UN	45,58	BRL	1	0	0	2.297	104.706,45	2.297	104.706,45	1	ZF 1302603	104.706,45
4500138298	20	4600003055	50	1020062    CROSSFOX COMERCIO	NB	F	A03		24/11/2025	C1	402105	CONECTOR AUTO PERF DU 70-240 / 70-240MM2	MC12002				CDFL	INVT	370	UN	370	UN	45,58	BRL	1	0	0	370	16.866,08	370	16.866,08	1	ZF 1302603	16.866,08
4500138298	30	4600003055	40	1020062    CROSSFOX COMERCIO	NB	F	A03		24/11/2025	C1	803344	CONECTOR PERFUR 50-185MM MED TENSAO 15KV	MC10301				CDFL	CUST	514	UN	514	UN	75,68	BRL	1	0	0	514	38.899,52	514	38.899,52	1	ZF 1302603	38.899,52
4500138298	40	4600003055	20	1020062    CROSSFOX COMERCIO	NB	F	A03		24/11/2025	C1	404732	CONECTOR PERFUR 50-185MM MED TENSAO 15KV	MC10301				CDFL	INVT	428	UN	428	UN	75,68	BRL	1	0	0	428	32.391,04	428	32.391,04	1	ZF 1302603	32.391,04
4500138298	50	4600003055	60	1020062    CROSSFOX COMERCIO	NB	F	A03		24/11/2025	C1	800872	CONECTOR AUTO PERF DU 70-240 / 70-240MM2	MC12002				CDFL	CUST	939	UN	939	UN	45,58	BRL	1	0	0	939	42.803,38	939	42.803,38	1	ZF 1302603	42.803,38
4500138738	10		0	1020062    CROSSFOX COMERCIO	NB	F	A16		24/12/2025	C1	401285	TERMINAL TUBULAR COMPRESSAO 70MM2	MC10401				CDFL	INVT	5	UN	5	UN	4,84	BRL	1	0	0	5	24,2	5	24,2	1	ZF 1302603	24,2
4500138738	20		0	1020062    CROSSFOX COMERCIO	NB	F	A16		24/12/2025	C1	401285	TERMINAL TUBULAR COMPRESSAO 70MM2	MC10401				CDFL	INVT	5.000	UN	5.000	UN	4,84	BRL	1	0	0	0	0	0	0	1	ZF 1302603	24.200,00
4500138777	10		0	1020062    CROSSFOX COMERCIO	NB	F	A02		09/01/2026	C1	401285	TERMINAL TUBULAR COMPRESSAO 70MM2	MC10401				CDFL	INVT	5	UN	5	UN	4,84	BRL	1	0	0	5	24,2	5	24,2	1	ZF 1302603	24,2
4500136341	10		0	1021220    EVILA BRITO BENTES LTDA	NB	F	GAE		13/11/2025	C0	113044	FITA DO VOLANTE	MC12001			K	CDFL		1	UN	1	UN	600	BRL	1	0	0	0	0	0	0	1	ZF 1302603	600
4500137860	10	4600003061	80	1021472    VOLTZ INDUSTRIA E COMERCIO DE MATER	NB	F	A03		21/11/2025	C1	400193	PARAFUSO OLHAL AC 5/8P 20P	MC01301				CDFL	INVT	180	UN	180	UN	27,77	BRL	1	0	0	180	4.998,56	180	4.998,56	1	ZF 1302603	4.998,56
4500137983	10	4600003061	20	1021472    VOLTZ INDUSTRIA E COMERCIO DE MATER	NB	F	A03		24/11/2025	C1	800982	PARAFUSO OLHAL AC 5/8P 20P	MC01301				CDFL	CUST	170	UN	170	UN	27,77	BRL	1	0	0	170	4.720,87	170	4.720,87	1	ZF 1302603	4.720,87
4500137995	10	4600003061	80	1021472    VOLTZ INDUSTRIA E COMERCIO DE MATER	NB	F	A03		24/11/2025	C1	400193	PARAFUSO OLHAL AC 5/8P 20P	MC01301				CDFL	INVT	200	UN	200	UN	27,77	BRL	1	0	0	200	5.553,96	200	5.553,96	1	ZF 1302603	5.553,96
4500138768	10		0	1021472    VOLTZ INDUSTRIA E COMERCIO DE MATER	NB	F	A07		07/01/2026	A8	401497	ARRUELA PRES AC PARAF 3/8P 15MM	MC01301				CDFL		50	UN	50	UN	1,99	BRL	1	0	0	0	0	0	0	1	ZF 1302603	99,5
4500138768	20		0	1021472    VOLTZ INDUSTRIA E COMERCIO DE MATER	NB	F	A07		07/01/2026	A8	400193	PARAFUSO OLHAL AC 5/8P 20P	MC01301				CDFL		1.100	UN	1.100	UN	29,86	BRL	1	0	0	0	0	0	0	1	ZF 1302603	32.846,00
4500138241	10		0	1021589    G. S. DOS SANTOS LTDA	NB	F	GAE		24/11/2025	C0	113256	OLEO LUBRICANTE 15W40	MC00301			K	CDFL		5	UN	5	UN	45	BRL	1	0	0	0	0	0	0	1	ZF 1302603	225
4500138241	20		0	1021589    G. S. DOS SANTOS LTDA	NB	F	GAE		24/11/2025	C0	113158	FILTRO OLEO LUBR	MC01501			K	CDFL		1	UN	1	UN	22	BRL	1	0	0	0	0	0	0	1	ZF 1302603	22
4500138241	30		0	1021589    G. S. DOS SANTOS LTDA	NB	F	GAE		24/11/2025	C0	113164	FILTRO AR CONDICIONADO CABINE	MC01501			K	CDFL		1	UN	1	UN	28	BRL	1	0	0	0	0	0	0	1	ZF 1302603	28
4500138241	40		0	1021589    G. S. DOS SANTOS LTDA	NB	F	GAE		24/11/2025	C0	113080	FILTRO AR	MC01501			K	CDFL		1	UN	1	UN	78	BRL	1	0	0	0	0	0	0	1	ZF 1302603	78
4500138241	50		0	1021589    G. S. DOS SANTOS LTDA	NB	F	GAE		24/11/2025	C0	113156	FILTRO COMB	MC01501			K	CDFL		1	UN	1	UN	23	BRL	1	0	0	0	0	0	0	1	ZF 1302603	23
4500138241	60		0	1021589    G. S. DOS SANTOS LTDA	NB	F	GAE		24/11/2025	C0	113160	PASTILHA FREIO VW	MC00303			K	CDFL		1	UN	1	UN	160	BRL	1	0	0	0	0	0	0	1	ZF 1302603	160
4500138241	70		0	1021589    G. S. DOS SANTOS LTDA	NB	F	GAE		24/11/2025	C0	113116	CORREIA ALTERN POLY V	MC00303			K	CDFL		1	UN	1	UN	87	BRL	1	0	0	0	0	0	0	1	ZF 1302603	87
4500138241	80		0	1021589    G. S. DOS SANTOS LTDA	NB	F	GAE		24/11/2025	C0	113181	SENSOR VELOCIDADE VW	MC00303			K	CDFL		1	UN	1	UN	350	BRL	1	0	0	0	0	0	0	1	ZF 1302603	350
4500138241	90		0	1021589    G. S. DOS SANTOS LTDA	NB	F	GAE		24/11/2025	C0	113107	TENSOR CORREIA DENTADA	MC00303			K	CDFL		1	UN	1	UN	280	BRL	1	0	0	0	0	0	0	1	ZF 1302603	280
4500135843	10	4600003057	210	1024046    ELETRO FUSI INDUSTRIA ELETROMETALUR	NB	F	A01		05/11/2025	C1	402117	ELO FUSIVEL BOTAO DISTRIB K 20A 500MM	MC10801				CDFL	INVT	1.500	UN	1.500	UN	4,82	BRL	1	0	0	1.500	7.226,10	1.500	7.226,10	1	ZF 1302603	7.226,10
4500138103	20	4600003057	170	1024046    ELETRO FUSI INDUSTRIA ELETROMETALUR	NB	F	A03		24/11/2025	C1	801010	ELO FUSIVEL BOTAO DISTRIB H 3A 500MM	MC10801				CDFL	CUST	2.080	UN	2.080	UN	4,77	BRL	1	0	0	2.080	9.923,47	2.080	9.923,47	1	ZF 1302603	9.923,47
4500138103	30	4600003057	180	1024046    ELETRO FUSI INDUSTRIA ELETROMETALUR	NB	F	A03		24/11/2025	C1	801114	ELO FUSIVEL BOTAO DISTRIB K 20A 500MM	MC10801				CDFL	CUST	1.253	UN	1.253	UN	4,82	BRL	1	0	0	1.253	6.036,20	1.253	6.036,20	1	ZF 1302603	6.036,20
4500138103	40	4600003057	200	1024046    ELETRO FUSI INDUSTRIA ELETROMETALUR	NB	F	A03		24/11/2025	C1	801233	ELO FUSIVEL BOTAO DISTRIB K 15A 500MM	MC10801				CDFL	CUST	1.690	UN	1.690	UN	4,82	BRL	1	0	0	1.690	8.141,41	1.690	8.141,41	1	ZF 1302603	8.141,41
4500138103	50	4600003057	140	1024046    ELETRO FUSI INDUSTRIA ELETROMETALUR	NB	F	A03		24/11/2025	C1	801955	ELO FUSIVEL DISTRIB H 2A 500MM	MC10801				CDFL	CUST	1.670	UN	1.670	UN	4,77	BRL	1	0	0	1.670	7.967,40	1.670	7.967,40	1	ZF 1302603	7.967,40
4500138103	60	4600003057	120	1024046    ELETRO FUSI INDUSTRIA ELETROMETALUR	NB	F	A03		24/11/2025	C1	801826	ELO FUSIVEL BOTAO K 6A 500MM	MC10801				CDFL	CUST	1.430	UN	1.430	UN	4,82	BRL	1	0	0	1.430	6.888,88	1.430	6.888,88	1	ZF 1302603	6.888,88
4500138103	70	4600003057	150	1024046    ELETRO FUSI INDUSTRIA ELETROMETALUR	NB	F	A03		24/11/2025	C1	801352	ELO FUSIVEL BOTAO DISTRIB K 10A 500MM	MC10801				CDFL	CUST	750	UN	750	UN	4,82	BRL	1	0	0	750	3.613,05	750	3.613,05	1	ZF 1302603	3.613,05
4500138103	80	4600003057	160	1024046    ELETRO FUSI INDUSTRIA ELETROMETALUR	NB	F	A03		24/11/2025	C1	801303	ELO FUSIVEL BOTAO DISTRIB K 12A 500MM	MC10801				CDFL	CUST	700	UN	700	UN	4,82	BRL	1	0	0	700	3.372,18	700	3.372,18	1	ZF 1302603	3.372,18
4500138103	90	4600003057	130	1024046    ELETRO FUSI INDUSTRIA ELETROMETALUR	NB	F	A03		24/11/2025	C1	800894	ELO FUSIVEL BOTAO DISTRIB UN K 8A 500MM	MC10801				CDFL	CUST	300	UN	300	UN	4,82	BRL	1	0	0	300	1.445,22	300	1.445,22	1	ZF 1302603	1.445,22
4500138201	10	4600003057	20	1024046    ELETRO FUSI INDUSTRIA ELETROMETALUR	NB	F	A03		24/11/2025	C1	402741	ELO FUSIVEL BOTAO K 6A 500MM	MC10801				CDFL	INVT	530	UN	530	UN	4,82	BRL	1	0	0	530	2.553,22	530	2.553,22	1	ZF 1302603	2.553,22
4500138201	20	4600003057	30	1024046    ELETRO FUSI INDUSTRIA ELETROMETALUR	NB	F	A03		24/11/2025	C1	402111	ELO FUSIVEL BOTAO DISTRIB UN K 8A 500MM	MC10801				CDFL	INVT	500	UN	500	UN	4,82	BRL	1	0	0	500	2.408,70	500	2.408,70	1	ZF 1302603	2.408,70
4500138201	30	4600003057	40	1024046    ELETRO FUSI INDUSTRIA ELETROMETALUR	NB	F	A03		24/11/2025	C1	402660	ELO FUSIVEL DISTRIB H 2A 500MM	MC10801				CDFL	INVT	330	UN	330	UN	4,77	BRL	1	0	0	330	1.574,40	330	1.574,40	1	ZF 1302603	1.574,40
4500138201	40	4600003057	100	1024046    ELETRO FUSI INDUSTRIA ELETROMETALUR	NB	F	A03		24/11/2025	C1	401910	ELO FUSIVEL BOTAO DISTRIB K 15A 500MM	MC10801				CDFL	INVT	158	UN	158	UN	4,82	BRL	1	0	0	158	761,15	158	761,15	1	ZF 1302603	761,15
4500138201	60	4600003057	70	1024046    ELETRO FUSI INDUSTRIA ELETROMETALUR	NB	F	A03		24/11/2025	C1	402265	ELO FUSIVEL BOTAO DISTRIB H 3A 500MM	MC10801				CDFL	INVT	150	UN	150	UN	4,77	BRL	1	0	0	150	715,63	150	715,63	1	ZF 1302603	715,63
4500138304	10	4600003125	10	1024297    L H PEREIRA FERRAMENTARIA E USINAGE	NB	F	A01		24/11/2025	C1	402149	TERMINAL CU CHAVE SEC  70-120MM2	MC10301				CDFL	INVT	122	UN	122	UN	156,24	BRL	1	0	0	122	19.061,28	122	19.061,28	1	ZF 1302603	19.061,28
4500136228	10		0	1026728    CIA TECH MANUTENCAO DE MAQUINAS E E	NB	F	GAE		12/11/2025	C0	113256	OLEO LUBRICANTE 15W40	MC00301			K	CDFL		7	UN	7	UN	43,47	BRL	1	0	0	0	0	0	0	1	ZF 1302603	304,29
4500136228	20		0	1026728    CIA TECH MANUTENCAO DE MAQUINAS E E	NB	F	GAE		12/11/2025	C0	113066	FILTRO COMB DIESEL REFIL	MC01501			K	CDFL		1	UN	1	UN	255	BRL	1	0	0	0	0	0	0	1	ZF 1302603	255
4500136228	30		0	1026728    CIA TECH MANUTENCAO DE MAQUINAS E E	NB	F	GAE		12/11/2025	C0	113158	FILTRO OLEO LUBR	MC01501			K	CDFL		1	UN	1	UN	150,9	BRL	1	0	0	0	0	0	0	1	ZF 1302603	150,9
4500136228	40		0	1026728    CIA TECH MANUTENCAO DE MAQUINAS E E	NB	F	GAE		12/11/2025	C0	113080	FILTRO AR	MC01501			K	CDFL		1	UN	1	UN	320	BRL	1	0	0	0	0	0	0	1	ZF 1302603	320
4500136228	50		0	1026728    CIA TECH MANUTENCAO DE MAQUINAS E E	NB	F	GAE		12/11/2025	C0	113202	ELEMENTO DO FILTRO DE OLEO	MC00303			K	CDFL		1	UN	1	UN	208	BRL	1	0	0	0	0	0	0	1	ZF 1302603	208
4500136231	10		0	1026728    CIA TECH MANUTENCAO DE MAQUINAS E E	NB	F	GAE		12/11/2025	C0	113094	ADITIVO RADIADOR	MC00303			K	CDFL		1	UN	1	UN	42,45	BRL	1	0	0	0	0	0	0	1	ZF 1302603	42,45
4500136231	20		0	1026728    CIA TECH MANUTENCAO DE MAQUINAS E E	NB	F	GAE		12/11/2025	C0	113065	BUZINA 12V	MC00303			K	CDFL		1	UN	1	UN	177,42	BRL	1	0	0	0	0	0	0	1	ZF 1302603	177,42
4500136231	30		0	1026728    CIA TECH MANUTENCAO DE MAQUINAS E E	NB	F	GAE		12/11/2025	C0	113080	ELEMENTO FILTRO AR	MC01501			K	CDFL		1	UN	1	UN	513,49	BRL	1	0	0	0	0	0	0	1	ZF 1302603	513,49
4500136231	40		0	1026728    CIA TECH MANUTENCAO DE MAQUINAS E E	NB	F	GAE		12/11/2025	C0	113156	FILTRO GASOLINA	MC01501			K	CDFL		1	UN	1	UN	50	BRL	1	0	0	0	0	0	0	1	ZF 1302603	50
4500136231	50		0	1026728    CIA TECH MANUTENCAO DE MAQUINAS E E	NB	F	GAE		12/11/2025	C0	113162	ROLAMENTO	MC20902			K	CDFL		1	UN	1	UN	74,06	BRL	1	0	0	0	0	0	0	1	ZF 1302603	74,06
4500136231	60		0	1026728    CIA TECH MANUTENCAO DE MAQUINAS E E	NB	F	GAE		12/11/2025	C0	113158	FILTRO OLEO LUBR	MC01501			K	CDFL		1	UN	1	UN	65	BRL	1	0	0	0	0	0	0	1	ZF 1302603	65
4500136231	70		0	1026728    CIA TECH MANUTENCAO DE MAQUINAS E E	NB	F	GAE		12/11/2025	C0	113445	TAMPA DO VOLANTE	MC00303			K	CDFL		1	UN	1	UN	185	BRL	1	0	0	0	0	0	0	1	ZF 1302603	185
4500136231	80		0	1026728    CIA TECH MANUTENCAO DE MAQUINAS E E	NB	F	GAE		12/11/2025	C0	113256	OLEO LUBRICANTE 15W40	MC00301			K	CDFL		4	UN	4	UN	29,8	BRL	1	0	0	0	0	0	0	1	ZF 1302603	119,2
4500136231	90		0	1026728    CIA TECH MANUTENCAO DE MAQUINAS E E	NB	F	GAE		12/11/2025	C0	113202	FILTRO DE OLEO	MC00303			K	CDFL		1	UN	1	UN	150,9	BRL	1	0	0	0	0	0	0	1	ZF 1302603	150,9
4500136106	10		0	1026808    HM FRIOS COMERCIO DE PRODUTOS	NB	F	GAE		11/11/2025	C0	500121	CARNE MOÍDA	MC01101			K	CDFL		40	KG	40	KG	125	BRL	1	0	0	0	0	0	0	1	ZF 1302603	5.000,00
4500136106	20		0	1026808    HM FRIOS COMERCIO DE PRODUTOS	NB	F	GAE		11/11/2025	C0	500122	SALSICHA	MC01101			K	CDFL		16	KG	16	KG	135	BRL	1	0	0	0	0	0	0	1	ZF 1302603	2.160,00
4500138778	10		0	CDFL       AMAZONAS ENERGIA S.A	NB	F	A16		12/01/2026	C6	400072	TRAFO AER 1F 7,96KV 5KVA 240/120V 7TP	MC22103				CDFL		20	UN	20	UN	0	BRL	1	0	0	20	0	0	0	1	ZF 1302603	0
