CONTRATO / PEDIDO;PAGAMENTO_01;PAGAMENTO_02;PAGAMENTO_03;PAGAMENTO_04;QTD_PARCELAS;CONCATENAR
4500047382;30;;;;1;1x (30///)
4500051748;30;;;;1;1x (30///)
4500051795;30;60;90;;3;3x (30/60/90/)
4500051796;30;;;;1;1x (30///)
4500052920;30;60;90;;3;3x (30/60/90/)
4500052943;30;;;;1;1x (30///)
4500052994;30;;;;1;1x (30///)
4500053389;30;;;;1;1x (30///)
4500053433;30;;;;1;1x (30///)
4500053795;30;;;;1;1x (30///)
4500054113;30;;;;1;1x (30///)
4500054313;30;;;;1;1x (30///)
4500054772;30;;;;1;1x (30///)
4500054776;30;;;;1;1x (30///)
4500054780;30;;;;1;1x (30///)
4500055050;30;60;;;2;2x (30/60//)
4500055977;30;;;;1;1x (30///)
4500056941;30;;;;1;1x (30///)
4500056945;30;;;;1;1x (30///)
4500056981;30;;;;1;1x (30///)
4500057094;30;;;;1;1x (30///)
4500057386;30;;;;1;1x (30///)
4500057393;30;;;;1;1x (30///)
4500057398;30;;;;1;1x (30///)
4500057788;30;;;;1;1x (30///)
4500057791;30;;;;1;1x (30///)
4500057794;30;;;;1;1x (30///)
4500057802;30;;;;1;1x (30///)
4500057870;30;;;;1;1x (30///)
4500058186;30;;;;1;1x (30///)
4500058299;30;;;;1;1x (30///)
4500058720;30;;;;1;1x (30///)
4500058870;30;;;;1;1x (30///)
4500058991;30;;;;1;1x (30///)
4500058997;30;;;;1;1x (30///)
4500059114;30;;;;1;1x (30///)
4500059116;30;;;;1;1x (30///)
4500059989;30;;;;1;1x (30///)
4500060223;30;60;;;2;2x (30/60//)
4500060277;30;;;;1;1x (30///)
4500060308;30;;;;1;1x (30///)
4500060309;30;;;;1;1x (30///)
4500060703;30;;;;1;1x (30///)
4500060824;30;;;;1;1x (30///)
4500060825;30;;;;1;1x (30///)
4500060826;30;;;;1;1x (30///)
4500060996;30;;;;1;1x (30///)
4500061007;30;;;;1;1x (30///)
4500061165;30;;;;1;1x (30///)
4500061380;15;;;;1;1x (15///)
4500061382;30;;;;1;1x (30///)
4500061421;30;;;;1;1x (30///)
4500061454;30;;;;1;1x (30///)
4500061488;30;;;;1;1x (30///)
4500061489;30;;;;1;1x (30///)
4500061490;30;;;;1;1x (30///)
4500061491;30;;;;1;1x (30///)
4500061497;30;;;;1;1x (30///)
4500061811;30;;;;1;1x (30///)
4500062154;30;;;;1;1x (30///)
4500062197;30;;;;1;1x (30///)
4500062375;30;;;;1;1x (30///)
4500062377;30;;;;1;1x (30///)
4500062378;30;;;;1;1x (30///)
4500062382;30;;;;1;1x (30///)
4500062384;30;;;;1;1x (30///)
4500062463;30;;;;1;1x (30///)
4500062473;30;;;;1;1x (30///)
4500062535;30;;;;1;1x (30///)
4500062755;30;;;;1;1x (30///)
4500062865;30;;;;1;1x (30///)
4500063177;30;;;;1;1x (30///)
4500063688;30;;;;1;1x (30///)
4500064317;30;;;;1;1x (30///)
4500064439;30;;;;1;1x (30///)
4500064444;30;;;;1;1x (30///)
4500064447;30;;;;1;1x (30///)
4500064467;30;;;;1;1x (30///)
4500064522;30;;;;1;1x (30///)
4500064843;30;;;;1;1x (30///)
4500064847;30;;;;1;1x (30///)
4500064862;30;;;;1;1x (30///)
4500064956;30;;;;1;1x (30///)
4500064957;30;;;;1;1x (30///)
4500065057;30;;;;1;1x (30///)
4500065394;30;;;;1;1x (30///)
4500065406;30;;;;1;1x (30///)
4500065503;30;;;;1;1x (30///)
4500065626;30;;;;1;1x (30///)
4500065910;30;;;;1;1x (30///)
4500065911;30;;;;1;1x (30///)
4500065939;30;;;;1;1x (30///)
4500066569;30;;;;1;1x (30///)
4500067260;30;;;;1;1x (30///)
4500067397;30;;;;1;1x (30///)
4500067406;30;;;;1;1x (30///)
4500067407;30;;;;1;1x (30///)
4500067416;30;;;;1;1x (30///)
4500067419;30;;;;1;1x (30///)
4500067464;30;;;;1;1x (30///)
4500067542;30;;;;1;1x (30///)
4500067582;30;;;;1;1x (30///)
4500067742;30;;;;1;1x (30///)
4500068340;30;;;;1;1x (30///)
4500069013;30;;;;1;1x (30///)
4500069094;30;;;;1;1x (30///)
4500069127;30;;;;1;1x (30///)
4500069128;30;;;;1;1x (30///)
4500069146;30;;;;1;1x (30///)
4500069250;30;;;;1;1x (30///)
4500069251;30;;;;1;1x (30///)
4500069624;30;;;;1;1x (30///)
4500069942;30;;;;1;1x (30///)
4500070039;45;;;;1;1x (45///)
4500070041;30;;;;1;1x (30///)
4500071076;30;;;;1;1x (30///)
4500071501;30;;;;1;1x (30///)
4500072017;30;;;;1;1x (30///)
4500072150;30;;;;1;1x (30///)
4500072155;30;60;90;;3;3x (30/60/90/)
4500072445;30;;;;1;1x (30///)
4500072941;30;;;;1;1x (30///)
4500074286;30;;;;1;1x (30///)
4500074289;30;;;;1;1x (30///)
4500074638;30;;;;1;1x (30///)
4500074939;1;;;;1;1x (1///)
4500075094;30;;;;1;1x (30///)
4500076465;30;;;;1;1x (30///)
4500076896;30;;;;1;1x (30///)
4500077236;30;;;;1;1x (30///)
4500077241;30;;;;1;1x (30///)
4500077438;30;;;;1;1x (30///)
4500077451;30;;;;1;1x (30///)
4500077454;30;;;;1;1x (30///)
4500077801;30;;;;1;1x (30///)
4500077826;30;;;;1;1x (30///)
4500077973;30;;;;1;1x (30///)
4500078082;30;60;90;;3;3x (30/60/90/)
4500079086;30;;;;1;1x (30///)
4500079445;30;;;;1;1x (30///)
4500079447;30;;;;1;1x (30///)
4500079476;30;;;;1;1x (30///)
4500079537;30;45;60;;3;3x (30/45/60/)
4500079552;1;;;;1;1x (1///)
4500080362;30;;;;1;1x (30///)
4500080383;30;;;;1;1x (30///)
4500080384;15;;;;1;1x (15///)
4500081602;1;;;;1;1x (1///)
4500083678;30;;;;1;1x (30///)
4500083954;30;;;;1;1x (30///)
4500083970;30;;;;1;1x (30///)
4500084315;30;60;90;;3;3x (30/60/90/)
4500084521;30;60;90;;3;3x (30/60/90/)
4500084522;30;;;;1;1x (30///)
4500084712;A VISTA;;;;0;0x (A VISTA///)
4500085534;30;;;;1;1x (30///)
4500085672;30;;;;1;1x (30///)
4500085752;30;;;;1;1x (30///)
4500085845;30;;;;1;1x (30///)
4500086035;30;;;;1;1x (30///)
4500086292;30;;;;1;1x (30///)
4500086344;30;;;;1;1x (30///)
4500086589;30;;;;1;1x (30///)
4500086894;30;;;;1;1x (30///)
4500087018;30;;;;1;1x (30///)
4500087125;30;;;;1;1x (30///)
4500087337;30;;;;1;1x (30///)
4500087343;30;;;;1;1x (30///)
4500087528;30;;;;1;1x (30///)
4500087534;30;;;;1;1x (30///)
4500088205;30;60;90;;3;3x (30/60/90/)
4500088430;30;;;;1;1x (30///)
4500088558;30;;;;1;1x (30///)
4500088874;30;;;;1;1x (30///)
4500088933;30;;;;1;1x (30///)
4500088967;30;;;;1;1x (30///)
4500090652;30;;;;1;1x (30///)
4500090888;30;;;;1;1x (30///)
4500091221;30;;;;1;1x (30///)
4500091260;30;;;;1;1x (30///)
4500091280;30;;;;1;1x (30///)
4500091290;30;;;;1;1x (30///)
4500091293;30;;;;1;1x (30///)
4500091294;30;;;;1;1x (30///)
4500091361;30;;;;1;1x (30///)
4500091616;30;60;90;;3;3x (30/60/90/)
4500091895;30;;;;1;1x (30///)
4500092060;30;;;;1;1x (30///)
4500092443;30;;;;1;1x (30///)
4500092455;30;;;;1;1x (30///)
4600000222;30;60;90;;3;3x (30/60/90/)
4600000321;30;;;;1;1x (30///)
4600000429;45;;;;1;1x (45///)
4600000450;30;45;;;2;2x (30/45//)
4600000629;75;;;;1;1x (75///)
4600000686;30;;;;1;1x (30///)
4600000792;60;;;;1;1x (60///)
4600001226;30;;;;1;1x (30///)
4600001374;30;60;90;;3;3x (30/60/90/)
4600001381;30;;;;1;1x (30///)
4600001390;30;;;;1;1x (30///)
4600001391;30;;;;1;1x (30///)
4600001393;30;;;;1;1x (30///)
4600001396;30;;;;1;1x (30///)
4600001397;30;;;;1;1x (30///)
4600001402;30;60;90;;3;3x (30/60/90/)
4600001545;45;;;;1;1x (45///)
4600001581;30;45;60;;3;3x (30/45/60/)
4600001585;30;60;90;;3;3x (30/60/90/)
4600001600;30;60;90;;3;3x (30/60/90/)
4600001617;30;;;;1;1x (30///)
4600001622;45;60;90;;3;3x (45/60/90/)
4600001625;30;60;90;;3;3x (30/60/90/)
4600001626;30;;;;1;1x (30///)
4600001628;30;60;90;;3;3x (30/60/90/)
4600001651;30;60;90;;3;3x (30/60/90/)
4600001655;30;60;90;;3;3x (30/60/90/)
4600001661;30;;;;1;1x (30///)
4600001662;45;60;90;;3;3x (45/60/90/)
4600001741;30;45;60;90;4;4x (30/45/60/90
4600001745;30;60;90;120;4;4x (30/60/90/120
4600001761;30;60;;;2;2x (30/60//)
4600001781;30;60;90;;3;3x (30/60/90/)
4600001810;30;60;90;;3;3x (30/60/90/)
4600001813;30;60;90;;3;3x (30/60/90/)
4600001818;30;60;90;;3;3x (30/60/90/)
4600001819;30;60;90;;3;3x (30/60/90/)
4600001821;30;45;60;;3;3x (30/45/60/)
4600001851;30;60;90;120;4;4x (30/60/90/120
4600001861;50;;;;1;1x (50///)
4600001865;30;60;90;;3;3x (30/60/90/)
4600001875;30;60;90;;3;3x (30/60/90/)
4600001879;30;60;90;;3;3x (30/60/90/)
4600001924;45;60;90;;3;3x (45/60/90/)
4600001937;30;;;;1;1x (30///)
4600001963;30;45;60;;3;3x (30/45/60/)
4600001967;30;60;90;;3;3x (30/60/90/)
4600001985;30;60;90;;3;3x (30/60/90/)
4600001992;20;;;;1;1x (20///)
4600002000;45;;;;1;1x (45///)
4600002005;30;60;90;;3;3x (30/60/90/)
4600002006;30;60;90;;3;3x (30/60/90/)
4600002007;30;60;90;;3;3x (30/60/90/)
4600002009;30;60;90;;3;3x (30/60/90/)
4600002011;30;;;;1;1x (30///)
4600002012;30;45;60;;3;3x (30/45/60/)
4600002013;30;60;90;;3;3x (30/60/90/)
4600002014;60;;;;1;1x (60///)
4600002015;30;60;90;;3;3x (30/60/90/)
4600002017;30;60;90;120;4;4x (30/60/90/120
4600002018;30;60;90;;3;3x (30/60/90/)
4600002019;30;60;90;;3;3x (30/60/90/)
4600002020;30;60;;;2;2x (30/60//)
4600002021;30;45;60;;3;3x (30/45/60/)
4600002023;30;45;60;;3;3x (30/45/60/)
4600002024;30;60;90;;3;3x (30/60/90/)
4600002026;30;45;60;;3;3x (30/45/60/)
4600002029;30;60;90;;3;3x (30/60/90/)
4600002034;30;60;90;;3;3x (30/60/90/)
4600002035;30;60;90;;3;3x (30/60/90/)
4600002038;30;60;;;2;2x (30/60//)
4600002044;30;60;90;;3;3x (30/60/90/)
4600002046;45;;;;1;1x (45///)
4600002047;35;45;60;;3;3x (35/45/60/)
4600002048;30;45;60;;3;3x (30/45/60/)
4600002050;30;60;;;2;2x (30/60//)
4600002051;30;45;60;;3;3x (30/45/60/)
4600002052;15;;;;1;1x (15///)
4600002053;30;60;90;;3;3x (30/60/90/)
4600002055;30;45;90;;3;3x (30/45/90/)
4600002059;30;60;90;;3;3x (30/60/90/)
4600002060;30;60;90;;3;3x (30/60/90/)
4600002061;30;;;;1;1x (30///)
4600002062;30;60;90;;3;3x (30/60/90/)
4600002063;30;60;90;;3;3x (30/60/90/)
4600002064;30;60;;;2;2x (30/60//)
4600002068;20;35;;;2;2x (20/35//)
4600002069;30;60;90;;3;3x (30/60/90/)
4600002070;60;;;;1;1x (60///)
4600002094;30;45;60;;3;3x (30/45/60/)
4600002095;30;60;;;2;2x (30/60//)
4600002098;30;60;90;;3;3x (30/60/90/)
4600002104;30;60;90;;3;3x (30/60/90/)
4600002106;45;;;;1;1x (45///)
4600002108;30;45;60;;3;3x (30/45/60/)
4600002121;30;;;;1;1x (30///)
4600002129;30;60;;;2;2x (30/60//)
4600002134;30;;;;1;1x (30///)
4600002135;30;;;;1;1x (30///)
4600002136;30;;;;1;1x (30///)
4600002146;90;;;;1;1x (90///)
4600002155;30;45;60;;3;3x (30/45/60/)
4600002168;30;60;90;;3;3x (30/60/90/)
4600002169;30;60;90;;3;3x (30/60/90/)
4600002170;30;;;;1;1x (30///)
4600002181;30;;;;1;1x (30///)
4600002184;30;;;;1;1x (30///)
4600002185;30;45;60;;3;3x (30/45/60/)
4600002186;30;30;;;2;2x (30/30//)
4600002188;30;45;60;;3;3x (30/45/60/)
4600002199;30;;;;1;1x (30///)
4600002202;30;45;60;;3;3x (30/45/60/)
4600002204;30;60;;;2;2x (30/60//)
4600002205;30;60;90;;3;3x (30/60/90/)
4600002208;30;45;;;2;2x (30/45//)
4600002210;30;60;90;;3;3x (30/60/90/)
4600002214;30;45;60;;3;3x (30/45/60/)
4600002215;30;60;90;;3;3x (30/60/90/)
4600002216;30;60;90;;3;3x (30/60/90/)
4600002219;30;60;90;;3;3x (30/60/90/)
4600002221;30;60;90;;3;3x (30/60/90/)
4600002224;30;60;;;2;2x (30/60//)
4600002226;30;;;;1;1x (30///)
4600002228;30;60;90;;3;3x (30/60/90/)
4600002229;30;60;90;;3;3x (30/60/90/)
4600002230;30;60;;;2;2x (30/60//)
4600002234;30;60;90;;3;3x (30/60/90/)
4600002240;30;60;90;;3;3x (30/60/90/)
4600002242;30;60;90;;3;3x (30/60/90/)
4600002248;30;60;90;;3;3x (30/60/90/)
4600002249;30;60;90;;3;3x (30/60/90/)
4600002252;30;60;90;;3;3x (30/60/90/)
4600002256;30;45;60;;3;3x (30/45/60/)
4600002261;30;60;90;;3;3x (30/60/90/)
4600002262;30;;;;1;1x (30///)
4600002263;30;45;60;;3;3x (30/45/60/)
4600002265;30;60;90;;3;3x (30/60/90/)
4600002268;30;;;;1;1x (30///)
4600002269;30;60;90;;3;3x (30/60/90/)
4600002271;30;60;90;;3;3x (30/60/90/)
4600002272;30;60;90;;3;3x (30/60/90/)
4600002273;30;;;;1;1x (30///)
4600002281;30;;;;1;1x (30///)
4600002282;30;60;90;;3;3x (30/60/90/)
4600002289;30;60;90;;3;3x (30/60/90/)
4600002290;30;;;;1;1x (30///)
4600002291;30;60;90;;3;3x (30/60/90/)
4600002296;60;;;;1;1x (60///)
4600002299;30;60;90;;3;3x (30/60/90/)
4600002303;30;;;;1;1x (30///)
4600002304;30;;;;1;1x (30///)
4600002305;30;;;;1;1x (30///)
4600002307;30;60;90;;3;3x (30/60/90/)
4600002315;30;60;90;;3;3x (30/60/90/)
4600002319;30;;;;1;1x (30///)
4600002320;30;60;90;;3;3x (30/60/90/)
4600002322;30;45;;;2;2x (30/45//)
4600002343;30;60;90;;3;3x (30/60/90/)
4600002351;15;;;;1;1x (15///)
4600002362;30;60;90;;3;3x (30/60/90/)
4600002363;30;60;90;;3;3x (30/60/90/)
4600002366;30;60;90;;3;3x (30/60/90/)
4600002371;30;60;;;2;2x (30/60//)
4600002386;30;45;60;;3;3x (30/45/60/)
4600002387;30;60;;;2;2x (30/60//)
4600002389;30;60;90;;3;3x (30/60/90/)
4600002405;30;60;;;2;2x (30/60//)
4600002407;30;60;90;;3;3x (30/60/90/)
4600002408;20;30;60;;3;3x (20/30/60/)
4600002413;30;60;90;;3;3x (30/60/90/)
4600002419;30;60;90;;3;3x (30/60/90/)
4600002420;30;60;;;2;2x (30/60//)
4600002422;30;60;90;;3;3x (30/60/90/)
4600002431;30;60;90;;3;3x (30/60/90/)
4600002432;30;60;90;;3;3x (30/60/90/)
4600002443;-180;180;195;;3;3x (/180/195/)
4600002445;30;60;90;;3;3x (30/60/90/)
4600002447;30;60;90;;3;3x (30/60/90/)
4600002449;45;;;;1;1x (45///)
4600002453;30;60;90;;3;3x (30/60/90/)
4600002456;45;;;;1;1x (45///)
4600002457;30;60;90;;3;3x (30/60/90/)
4600002458;30;;;;1;1x (30///)
4600002465;-90;90;15;;3;3x (/90/15/)
4600002471;30;45;60;;3;3x (30/45/60/)
4600002474;30;60;90;;3;3x (30/60/90/)
4600002475;10;;;;1;1x (10///)
4600002490;30;60;90;;3;3x (30/60/90/)
4600002491;30;60;90;;3;3x (30/60/90/)
4600002506;30;60;;;2;2x (30/60//)
4600002507;50;;;;1;1x (50///)
4600002508;30;;;;1;1x (30///)
4600002509;30;60;90;;3;3x (30/60/90/)
4600002519;30;60;90;;3;3x (30/60/90/)
4600002530;30;60;90;;3;3x (30/60/90/)
4600002531;30;60;90;;3;3x (30/60/90/)
4600002545;30;60;90;;3;3x (30/60/90/)
4600002551;45;;;;1;1x (45///)
4600002571;30;45;60;;3;3x (30/45/60/)
4600002572;30;;;;1;1x (30///)
4600002573;30;60;90;;3;3x (30/60/90/)
4600002575;30;60;90;;3;3x (30/60/90/)
4600002576;30;60;90;;3;3x (30/60/90/)
4600002577;30;60;90;;3;3x (30/60/90/)
4600002579;30;45;60;;3;3x (30/45/60/)
4600002586;30;;;;1;1x (30///)
4600002596;30;60;90;;3;3x (30/60/90/)
4600002597;30;60;90;;3;3x (30/60/90/)
4600002604;30;45;60;;3;3x (30/45/60/)
4600002606;30;60;;;2;2x (30/60//)
4600002607;45;75;105;;3;3x (45/75/105/)
4600002608;30;60;90;;3;3x (30/60/90/)
4600002613;30;60;90;;3;3x (30/60/90/)
4600002620;30;60;90;;3;3x (30/60/90/)
4600002633;30;60;90;;3;3x (30/60/90/)
4600002636;30;60;90;;3;3x (30/60/90/)
4600002641;30;60;90;;3;3x (30/60/90/)
4600002653;30;;;;1;1x (30///)
4600002654;30;60;90;;3;3x (30/60/90/)
4600002655;30;45;60;;3;3x (30/45/60/)
4600002657;30;45;60;;3;3x (30/45/60/)
4600002660;30;;;;1;1x (30///)
4600002663;30;60;90;;3;3x (30/60/90/)
4600002666;60;90;120;;3;3x (60/90/120/)
4600002672;30;60;90;;3;3x (30/60/90/)
4600002679;30;60;90;;3;3x (30/60/90/)
4600002680;30;60;90;;3;3x (30/60/90/)
4600002682;30;60;90;;3;3x (30/60/90/)
4600002683;30;;;;1;1x (30///)
4600002690;30;60;90;;3;3x (30/60/90/)
4600002692;5;;;;1;1x (5///)
4600002694;30;60;90;;3;3x (30/60/90/)
4600002697;30;60;90;;3;3x (30/60/90/)
4600002710;30;60;90;;3;3x (30/60/90/)
4600002716;30;60;90;;3;3x (30/60/90/)
4600002729;30;60;90;;3;3x (30/60/90/)
4600002732;60;;;;1;1x (60///)
4600002736;30;;;;1;1x (30///)
4600002743;30;45;60;;3;3x (30/45/60/)
4600002745;60;;;;1;1x (60///)
4600002750;30;45;60;;3;3x (30/45/60/)
4600021155;30;45;60;;3;3x (30/45/60/)
4500075030;30;60;;;2;2x (30/60//)
4600002695;30;60;90;;3;3x (30/60/90/)
4600002746;30;;;;1;1x (30///)
4500089263;30;;;;1;1x (30///)
4500092572;30;;;;1;1x (30///)
4600002755;30;60;90;;3;3x (30/60/90/)
4500087578;30;;;;1;1x (30///)
4600002722;30;;;;1;1x (30///)
4600002744;30;60;;;2;2x (30/60//)
4600002762;30;45;60;;3;3x (30/45/60/)
4500093909;30;;;;1;1x (30///)
4500059795;30;;;;1;1x (30///)
4600002786;30;60;90;;3;3x (30/60/90/)
4600002782;30;60;90;;3;3x (30/60/90/)
4600002790;30;60;90;;3;3x (30/60/90/)
4600002698;30;60;;;2;2x (30/60//)
4500095743;30;60;90;;3;3x (30/60/90/)
4600002794;30;;;;1;1x (30///)
4600002793;30;60;90;;3;3x (30/60/90/)
4600002805;30;60;;;2;2x (30/60//)
4600002532;30;45;60;;3;3x (30/45/60/)
4600002602;30;60;90;;3;3x (30/60/90/)
4600002749;30;60;90;;3;3x (30/60/90/)
4600002704;30;60;90;;3;3x (30/60/90/)
4600002727;30;45;60;;3;3x (30/45/60/)
4600002809;15;30;45;;3;3x (15/30/45/)
4600002696;30;;;;1;1x (30///)
4600002707;30;60;90;;3;3x (30/60/90/)
4600002709;30;45;60;;3;3x (30/45/60/)
4600002816;30;45;60;;3;3x (30/45/60/)
4600002828;30;;;;1;1x (30///)
4500096772;30;60;90;;3;3x (30/60/90/)
4600002792;30;;;;1;1x (30///)
4600002702;30;45;60;;3;3x (30/45/60/)
4500096873;30;60;90;;3;3x (30/60/90/)
4600002830;30;60;90;;3;3x (30/60/90/)
4600002836;30;;;;1;1x (30///)
4600002842;30;;;;1;1x (30///)
4600002818;30;;;;1;1x (30///)
4600002841;30;45;60;;3;3x (30/45/60/)
4500097075;40;;;;1;1x (40///)
4600002840;30;60;90;;3;3x (30/60/90/)
4600002795;30;60;90;;3;3x (30/60/90/)
4600002824;30;;;;1;1x (30///)
4500091365;30;;;;1;1x (30///)
4500097085;30;60;;;2;2x (30/60//)
4500097086;30;60;;;2;2x (30/60//)
4600002826;30;60;90;;3;3x (30/60/90/)
4600002647;30;60;90;;3;3x (30/60/90/)
4600002839;30;60;90;;3;3x (30/60/90/)
4500097590;30;;;;1;1x (30///)
4500091996;30;;;;1;1x (30///)
4600002856;30;45;60;;3;3x (30/45/60/)
4500098049;30;60;90;;3;3x (30/60/90/)
4600002801;30;60;90;;3;3x (30/60/90/)
4600002860;30;;;;1;1x (30///)
4600002788;30;60;;;2;2x (30/60//)
4600002883;30;60;90;;3;3x (30/60/90/)
4600002787;30;60;90;;3;3x (30/60/90/)
4500098078;30;;;;1;1x (30///)
4600002866;30;;;;1;1x (30///)
4600002888;30;60;90;;3;3x (30/60/90/)
4600002667;1;;;;1;1x (1///)
4500099813;30;;;;1;1x (30///)
4600002879;30;60;90;;3;3x (30/60/90/)
4600002864;30;;;;1;1x (30///)
4500101595;30;45;60;;3;3x (30/45/60/)
4600002909;30;60;90;;3;3x (30/60/90/)
4500094391;30;;;;1;1x (30///)
4600002902;30;60;90;;3;3x (30/60/90/)
4600002916;60;;;;1;1x (60///)
4600002921;60;;;;1;1x (60///)
4600002910;30;60;90;;3;3x (30/60/90/)
4600002918;30;;;;1;1x (30///)
4600002535;30;45;60;;3;3x (30/45/60/)
4600002923;30;60;90;;3;3x (30/60/90/)
4600002928;30;60;90;;3;3x (30/60/90/)
4600002693;30;;;;1;1x (30///)
4600002937;28;;;;1;1x (28///)
4600002941;30;60;;;2;2x (30/60//)
4600002945;30;60;90;;3;3x (30/60/90/)
4600002946;30;60;90;;3;3x (30/60/90/)
4600002944;30;60;90;;3;3x (30/60/90/)
4600002868;30;60;90;;3;3x (30/60/90/)
4600002957;30;60;90;;3;3x (30/60/90/)
4600002870;30;45;60;;3;3x (30/45/60/)
4600002853;30;60;;;2;2x (30/60//)
4600002939;30;60;;;2;2x (30/60//)
4600002961;30;45;60;;3;3x (30/45/60/)
4500107224;30;;;;1;1x (30///)
4600002965;30;60;90;;3;3x (30/60/90/)
4600002962;30;60;;;2;2x (30/60//)
4500108401;30;;;;1;1x (30///)
4500108402;30;;;;1;1x (30///)
4500108393;30;;;;1;1x (30///)
4600002964;45;;;;1;1x (45///)
4600002958;45;;;;1;1x (45///)
4500108408;30;;;;1;1x (30///)
4600002894;30;60;90;;3;3x (30/60/90/)
4600002748;30;60;90;;3;3x (30/60/90/)
4600002861;30;60;90;;3;3x (30/60/90/)
4600003011;30;;;;1;1x (30///)
4600002983;30;45;60;;3;3x (30/45/60/)
4600002984;30;60;;;2;2x (30/60//)
4600003003;28;56;;;2;2x (28/56//)
4600002978;30;60;90;;3;3x (30/60/90/)
4600002904;30;60;90;;3;3x (30/60/90/)
4600002875;30;60;90;;3;3x (30/60/90/)
4600002681;30;60;90;;3;3x (30/60/90/)
4600003025;30;;;;1;1x (30///)
4600003028;30;60;;;2;2x (30/60//)
4600003032;45;;;;1;1x (45///)
4600003024;30;60;90;;3;3x (30/60/90/)
4600003047;30;60;90;;3;3x (30/60/90/)
4600003042;30;60;90;;3;3x (30/60/90/)
4600003048;30;45;60;;3;3x (30/45/60/)
4600003050;-30;210;;;2;2x (/210//)
4600003060;30;60;90;;3;3x (30/60/90/)
4500112423;30;;;;1;1x (30///)
4600003061;30;60;;;2;2x (30/60//)
4600003051;30;60;90;;3;3x (30/60/90/)
4600003049;30;60;;;2;2x (30/60//)
4600003072;30;60;;;2;2x (30/60//)
4600003071;30;60;90;;3;3x (30/60/90/)
4600003097;30;;;;1;1x (30///)
4600003095;30;;;;1;1x (30///)
4600003068;30;45;60;;3;3x (30/45/60/)
4600003098;30;45;60;;3;3x (30/45/60/)
4600003073;30;45;60;;3;3x (30/45/60/)
4600003045;30;60;90;;3;3x (30/60/90/)
4600003077;30;60;90;;3;3x (30/60/90/)
4500113824;30;;;;1;1x (30///)
4600003089;30;45;60;;3;3x (30/45/60/)
4600003074;30;60;90;;3;3x (30/60/90/)
4600003056;30;45;60;;3;3x (30/45/60/)
4600003096;30;60;90;;3;3x (30/60/90/)
4600003076;30;60;90;;3;3x (30/60/90/)
4600003044;30;45;60;;3;3x (30/45/60/)
4600003057;30;45;60;;3;3x (30/45/60/)
4600003067;30;45;60;;3;3x (30/45/60/)
4600003055;30;60;90;;3;3x (30/60/90/)
4600003094;30;;;;1;1x (30///)
4600003086;30;60;90;;3;3x (30/60/90/)
4600003058;30;;;;1;1x (30///)
4600003093;30;60;90;;3;3x (30/60/90/)
4600003099;30;45;60;;3;3x (30/45/60/)
4600003081;30;60;90;;3;3x (30/60/90/)
4600003062;30;60;90;;3;3x (30/60/90/)
4600003069;30;60;90;;3;3x (30/60/90/)
4600003119;30;60;;;2;2x (30/60//)
4600003129;30;60;90;;3;3x (30/60/90/)
4600003113;30;60;90;;3;3x (30/60/90/)
4600003102;30;60;90;;3;3x (30/60/90/)
4600003134;30;60;90;;3;3x (30/60/90/)
4600003117;30;60;90;;3;3x (30/60/90/)
4600003131;30;60;90;;3;3x (30/60/90/)
4600003125;30;45;60;;3;3x (30/45/60/)
4500115403;45;;;;1;1x (45///)
4500115219;30;;;;1;1x (30///)
4500115871;30;;;;1;1x (30///)
4500107240;30;60;;;2;2x (30/60//)
4600003111;30;60;;;2;2x (30/60//)
4600003243;30;;;;1;1x (30///)
4600003201;30;60;90;;3;3x (30/60/90/)
4600003150;30;60;90;;3;3x (30/60/90/)
4600003263;30;60;90;;3;3x (30/60/90/)
4600003294;30;60;90;;3;3x (30/60/90/)
4600003075;30;60;90;;3;3x (30/60/90/)
4600003153;30;60;90;120;4;4x (30/60/90/120
4600003265;30;60;90;;3;3x (30/60/90/)
4600003063;30;;;;1;1x (30///)
4600003185;30;60;90;;3;3x (30/60/90/)
4600003186;30;45;60;;3;3x (30/45/60/)
4600003124;30;60;90;;3;3x (30/60/90/)
4600003112;30;60;90;;3;3x (30/60/90/)
4600003204;30;60;90;;3;3x (30/60/90/)
4600003162;30;60;90;;3;3x (30/60/90/)
4600003195;30;60;90;;3;3x (30/60/90/)
4600003213;30;45;60;75;4;4x (30/45/60/75
4600003246;30;;;;1;1x (30///)
4600003262;30;60;90;;3;3x (30/60/90/)
4600003176;120;30;;;2;2x (120/30//)
4600003190;30;60;90;;3;3x (30/60/90/)
4600003231;30;60;90;;3;3x (30/60/90/)
4600003149;30;;;;1;1x (30///)
4600003225;30;60;;;2;2x (30/60//)
4600003226;30;60;;;2;2x (30/60//)
4600003228;30;60;90;;3;3x (30/60/90/)
4600003196;30;60;;;2;2x (30/60//)
4600003295;120;;;;1;1x (120///)
4600003175;30;60;90;;3;3x (30/60/90/)
4600003232;30;60;90;;3;3x (30/60/90/)
4600003192;30;60;90;;3;3x (30/60/90/)
4600003141;30;60;90;;3;3x (30/60/90/)
4600003165;30;60;90;;3;3x (30/60/90/)
4600003123;30;60;90;;3;3x (30/60/90/)
4600003200;30;60;;;2;2x (30/60//)
4600003164;30;60;90;;3;3x (30/60/90/)
4600003247;5;;;;1;1x (5///)
4600003078;30;60;;;2;2x (30/60//)
4600003188;30;60;90;;3;3x (30/60/90/)
4600003283;10;;;;1;1x (10///)
4500119378;30;60;;;2;2x (30/60//)
4500119341;30;60;90;;3;3x (30/60/90/)
4500126153;30;;;;1;1x (30///)
4500116469;30;;;;1;1x (30///)
4500115215;30;;;;1;1x (30///)
4500124107;30;60;90;;3;3x (30/60/90/)
4500125460;30;;;;1;1x (30///)
4500117314;30;60;90;;3;3x (30/60/90/)
4500126154;30;;;;1;1x (30///)
4500116939;30;;;;1;1x (30///)
4500125727;30;;;;1;1x (30///)
4500118435;5;;;;1;1x (5///)
4600003230;30;;;;1;1x (30///)
4600003318;45;;;;1;1x (45///)
4600003163;45;;;;1;1x (45///)
4600003195;30;60;90;;3;3x (30/60/90/)
4600003135;30;60;90;;3;3x (30/60/90/)
4600003340;30;60;;;2;2x (30/60//)
4600003335;30;;;;1;1x (30///)
4600003278;30;60;90;;3;3x (30/60/90/)
4500117720;30;;;;1;1x (30///)
4500110096;30;;;;1;1x (30///)
4500113822;30;;;;1;1x (30///)
4500113297;30;;;;1;1x (30///)
4500109289;30;;;;1;1x (30///)
4500109293;30;;;;1;1x (30///)
4500109309;30;;;;1;1x (30///)
4500111371;30;;;;1;1x (30///)
4500111807;30;;;;1;1x (30///)
4500119552;30;;;;1;1x (30///)
4500119608;30;;;;1;1x (30///)
4500119948;30;;;;1;1x (30///)
4500120610;30;;;;1;1x (30///)
4500121565;30;;;;1;1x (30///)
4500121842;30;;;;1;1x (30///)
4500122149;30;;;;1;1x (30///)
4500125478;30;;;;1;1x (30///)
4500126024;30;;;;1;1x (30///)
4500126477;30;;;;1;1x (30///)
4500116440;30;;;;1;1x (30///)
4500109509;30;;;;1;1x (30///)
4500109515;30;;;;1;1x (30///)
4500114081;30;;;;1;1x (30///)
4500124310;30;;;;1;1x (30///)
4500127968;30;;;;1;1x (30///)
4500113115;30;;;;1;1x (30///)
4500113298;30;;;;1;1x (30///)
4500113887;30;;;;1;1x (30///)
4500114109;30;;;;1;1x (30///)
4500117737;30;;;;1;1x (30///)
4500121245;30;;;;1;1x (30///)
4500121359;30;;;;1;1x (30///)
4500125578;30;;;;1;1x (30///)
4500126117;30;;;;1;1x (30///)
4500125654;30;;;;1;1x (30///)
4500113186;30;;;;1;1x (30///)
4500121243;30;;;;1;1x (30///)
4500116555;30;;;;1;1x (30///)
4500113781;30;;;;1;1x (30///)
4500121244;30;;;;1;1x (30///)
4500113299;30;;;;1;1x (30///)
4500116941;30;;;;1;1x (30///)
4500121479;30;;;;1;1x (30///)
4500126824;30;;;;1;1x (30///)
4500113111;30;;;;1;1x (30///)
4500122217;30;;;;1;1x (30///)
4500119470;30;;;;1;1x (30///)
4500115910;30;;;;1;1x (30///)
4500127970;30;;;;1;1x (30///)
4500111965;30;;;;1;1x (30///)
4500128795;30;60;90;;3;3x (30/60/90/)
4500128782;30;60;90;;3;3x (30/60/90/)
4500128751;30;;;;1;1x (30///)
4500128752;30;;;;1;1x (30///)
4500129033;30;;;;1;1x (30///)
4500129227;30;;;;1;1x (30///)
4500129237;30;;;;1;1x (30///)
4500129383;30;45;;;2;2x (30/45//)
4600003362;30;60;90;;3;3x (30/60/90/)
4600003161;30;60;90;;3;3x (30/60/90/)
4500131867;30;;;;1;1x (30///)
4500132749;30;45;;;2;2x (30/45//)
4600003029;30;60;;;2;2x (30/60//)
4500130518;30;;;;1;1x (30///)
4500130562;30;;;;1;1x (30///)
4500130623;30;;;;1;1x (30///)
4500131538;30;;;;1;1x (30///)
4500132901;30;;;;1;1x (30///)
4500132904;5;;;;1;1x (5///)
4500132947;30;;;;1;1x (30///)
4500132907;30;;;;1;1x (30///)
4500132922;10;;;;1;1x (10///)
4500133713;30;;;;1;1x (30///)
4500134071;30;;;;1;1x (30///)
4500134200;30;;;;1;1x (30///)
4500133941;30;;;;1;1x (30///)
4500134074;30;60;;;2;2x (30/60//)
4500116728;30;;;;1;1x (30///)
4500118451;30;60;90;;3;3x (30/60/90/)
4500109419;30;60;90;;3;3x (30/60/90/)
4500115410;30;;;;1;1x (30///)
4500116505;30;60;90;;3;3x (30/60/90/)
4500119636;30;45;60;75;4;4x (30/45/60/75
4500119186;30;60;;;2;2x (30/60//)
4500126151;30;60;;;2;2x (30/60//)
4500120643;30;60;90;;3;3x (30/60/90/)
4500135041;30;;;;1;1x (30///)
4500135074;30;;;;1;1x (30///)
4500135086;30;60;;;2;2x (30/60//)
4500135083;30;;;;1;1x (30///)
4500135099;30;;;;1;1x (30///)
4500135556;30;;;;1;1x (30///)
4500135580;30;;;;1;1x (30///)
4500135560;30;;;;1;1x (30///)
4500135721;30;60;90;;3;3x (30/60/90/)
4500135753;30;;;;1;1x (30///)
4500135763;30;;;;1;1x (30///)
4500135773;30;;;;1;1x (30///)
4500135801;30;;;;1;1x (30///)
4500135800;30;;;;1;1x (30///)
4500135933;30;;;;1;1x (30///)
4500135950;30;;;;1;1x (30///)
4500136340;30;;;;1;1x (30///)
4500136125;30;;;;1;1x (30///)
4500138519;30;;;;1;1x (30///)
4500138526;30;60;90;;3;3x (30/60/90/)
4500144696;1;;;;1;1x (1///)
4500145004;30;;;;1;1x (30///)
4500145134;30;;;;1;1x (30///)
4500147275;30;60;90;;3;3x (30/60/90/)
4500147431;5;;;;1;1x (5///)
4500142027;60;;;;1;1x (60///)
4500144462;30;60;90;;3;3x (30/60/90/)
4500146047;30;;;;1;1x (30///)
4500147553;30;;;;1;1x (30///)
4500147470;90;;;;1;1x (90///)
4500147276;90;;;;1;1x (90///)
4500144461;30;60;90;;3;3x (30/60/90/)
4500147514;30;;;;1;1x (30///)
4500147515;30;60;90;;3;3x (30/60/90/)
4500147049;60;;;;1;1x (60///)
4500145246;30;;;;1;1x (30///)
4500147200;60;;;;1;1x (60///)
4500147281;30;60;90;;3;3x (30/60/90/)
4500147195;30;60;90;;3;3x (30/60/90/)
4500147050;60;;;;1;1x (60///)
4500146775;15;;;;1;1x (15///)
4500147577;30;;;;1;1x (30///)
4500147585;30;;;;1;1x (30///)
4500147645;30;;;;1;1x (30///)
4500147679;30;60;90;;3;3x (30/60/90/)
4500147723;;60;;;1;1x (/60//)
4500147721;;;90;;1;1x (//90/)
4500147801;30;;;;1;1x (30///)
4500147803;30;;;;1;1x (30///)
4500147804;30;;;;1;1x (30///)
4500147811;;60;;;1;1x (/60//)
4500148056;30;;;;1;1x (30///)
4500147864;;;90;;1;1x (//90/)
4500147933;30;;;;1;1x (30///)
4500148053;;60;;;1;1x (/60//)
4500148085;;60;;;1;1x (/60//)
4500148096;;;90;;1;1x (//90/)
4500148074;30;;;;1;1x (30///)
4500148075;30;;;;1;1x (30///)
4500148095;30;;;;1;1x (30///)
4500148305;;;90;;1;1x (//90/)
4500148303;;60;;;1;1x (/60//)
4500148647;30;;;;1;1x (30///)
4500148999;;60;;;1;1x (/60//)
4500148814;30;45;60;;3;3x (30/45/60/)
4500148663;30;;;;1;1x (30///)
4500148914;;;72;;1;1x (//72/)
4500148670;;;90;;1;1x (//90/)
4500149234;;60;;;1;1x (/60//)
4500149141;;;90;;1;1x (//90/)
4500149691;30;;;;1;1x (30///)
4500149676;;;90;;1;1x (//90/)
4500149689;;;90;;1;1x (//90/)
4500149809;30;;;;1;1x (30///)
4500148070;30;45;60;75;4;4x (30/45/60/75
4500150061;30;60;90;;3;3x (30/60/90/)
4500150121;;;90;;1;1x (//90/)
4500150182;;;90;;1;1x (//90/)
4500150142;30;;;;1;1x (30///)
4500150174;;;90;;1;1x (//90/)
4500150184;;;90;;1;1x (//90/)
4500150195;;60;;;1;1x (/60//)
4500150222;30;;;;1;1x (30///)
4500150232;30;;;;1;1x (30///)
4500150197;;;90;;1;1x (//90/)
4500148060;;60;;;1;1x (/60//)
4500148066;;60;;;1;1x (/60//)
4500149830;;60;;;1;1x (/60//)
4500150237;;;90;;1;1x (//90/)
4500150256;30;;;;1;1x (30///)
4500150252;;;90;;1;1x (//90/)
4500150248;;60;;;1;1x (/60//)
4500150257;;60;;;1;1x (/60//)
4500150279;;60;;;1;1x (/60//)
4500150308;;60;;;1;1x (/60//)
4500150292;;60;;;1;1x (/60//)
4500150379;30;;;;1;1x (30///)
4500150392;;;90;;1;1x (//90/)
4500150402;;;90;;1;1x (//90/)
4500150386;30;;;;1;1x (30///)
4500150388;;;90;;1;1x (//90/)
4500150406;30;;;;1;1x (30///)
4500150391;;60;;;1;1x (/60//)
4500150425;;;90;;1;1x (//90/)
4500150427;;;90;;1;1x (//90/)
4500150701;30;;;;1;1x (30///)
4500150707;30;;;;1;1x (30///)
4500150715;30;;;;1;1x (30///)
4500150407;30;;;;1;1x (30///)
4500150370;30;45;60;;3;3x (30/45/60/)
4500151153;;;90;;1;1x (//90/)
4500151197;;;90;;1;1x (//90/)
4500151487;;;90;;1;1x (//90/)
4500151493;30;;;;1;1x (30///)
4500151649;;60;;;1;1x (/60//)
4500151896;;;90;;1;1x (//90/)
4500151897;;;90;;1;1x (//90/)
4500152313;;;90;;1;1x (//90/)
4500152157;;;90;;1;1x (//90/)
4500152172;;;90;;1;1x (//90/)
4500152173;;;90;;1;1x (//90/)
4500152180;;;90;;1;1x (//90/)
4500152175;;;90;;1;1x (//90/)
4500152335;;;90;;1;1x (//90/)
4500152330;;;90;;1;1x (//90/)
4500152526;30;;;;1;1x (30///)
4500152612;;;90;;1;1x (//90/)
4500152615;;;90;;1;1x (//90/)
4500152327;30;;;;1;1x (30///)
4500152607;30;;;;1;1x (30///)
4500152674;30;;;;1;1x (30///)
4500152666;30;;;;1;1x (30///)
4500152664;30;;;;1;1x (30///)
4500152667;30;;;;1;1x (30///)
4500152852;;;90;;1;1x (//90/)
4500152853;;;90;;1;1x (//90/)
4500152868;;;90;;1;1x (//90/)
4500153051;;;90;;1;1x (//90/)
4500152896;30;;;;1;1x (30///)
4500152895;30;;;;1;1x (30///)
4500152915;;;90;;1;1x (//90/)
4500153016;;;90;;1;1x (//90/)
4500152671;30;;;;1;1x (30///)
4500152874;;;90;;1;1x (//90/)
4500152854;;;90;;1;1x (//90/)
4500144983;15;;;;1;1x (15///)
4500148071;90;;;;1;1x (90///)
4500152181;90;;;;1;1x (90///)
4500152910;90;;;;1;1x (90///)
4500152911;90;;;;1;1x (90///)
